description,ghg_category,scenario,industry,item_type,amount,language
購買有機 糖 9319 tons,1,raw_materials,Food & Beverage,Agricultural,520899.59,zh
購置 CNC 機床 (industrial grade),2,equipment,IT Infrastructure,Hardware,7646796.07,zh
新建 配送中心開發專案,2,equipment,Real Estate,Building,266146537.28,zh
建造 配送中心 (40253 平方公尺),2,equipment,Real Estate,Building,450810901.48,zh
Analytics SaaS 訂閱 (1969 使用者),1,services,IT Services,Software,62359.45,zh
載貨車輛採購 (industrial grade),2,equipment,Transportation,Vehicle,23977073.65,zh
雲端 法律服務 - quarterly合約,1,services,IT Services,Software,986504.27,zh
採購 乙醇 溶劑 8343 liters,1,raw_materials,Manufacturing,Chemical,804887.41,zh
建造 辦公大樓 (35196 平方公尺),2,equipment,Real Estate,Building,271507886.65,zh
Collaboration SaaS 訂閱 (807 使用者),1,services,IT Services,Software,581700.07,zh
工業用 射出成型機 (9808 台) 含安裝,2,equipment,Manufacturing,Machinery,13811488.69,zh
ERP軟體訂閱 (1783 授權，annual),1,services,IT Services,Software,280537.68,zh
Analytics SaaS 訂閱 (5877 使用者),1,services,IT Services,Software,935626.13,zh
新建 製造廠開發專案,2,equipment,Real Estate,Building,380781786.37,zh
consumer goods製造產線 (產能 3415 件/日),2,equipment,Manufacturing,Production Line,61982310.7,zh
再生能源設施建設 (7271 MW),2,equipment,Energy,Power Generation,192575056.24,zh
採購 1432 kg 鈦金屬用於製造,1,raw_materials,Manufacturing,Metal,1746995.29,zh
IT 基礎設施升級 - 輸送系統 (4521 台),2,equipment,IT Infrastructure,Hardware,9994407.92,zh
採購 包裝機用於生產設施,2,equipment,Manufacturing,Machinery,20208919.05,zh
辦公場所清潔維護合約,1,services,Facility Management,Maintenance,247578.23,zh
購買工業用 丙酮 496 liters,1,raw_materials,Manufacturing,Chemical,754453.28,zh
採購 6503 tons 小麥作為食品原料,1,raw_materials,Food & Beverage,Agricultural,1339640.1,zh
聘請 管理顧問 (27 個月),1,services,Professional Services,Consulting,252619.21,zh
設施維護服務 (12 months),1,services,Facility Management,Maintenance,969133.94,zh
管理專業服務合約,1,services,Professional Services,Consulting,1900669.89,zh
購買有機 玉米 5867 tons,1,raw_materials,Food & Beverage,Agricultural,2553209.36,zh
倉庫大樓管理服務 (19 個月),1,services,Facility Management,Maintenance,685496.17,zh
IT 基礎設施升級 - CNC 機床 (3627 台),2,equipment,IT Infrastructure,Hardware,1650521.53,zh
製造廠建築合約 (工廠),2,equipment,Real Estate,Building,421126180.4,zh
建造 配送中心 (38703 平方公尺),2,equipment,Real Estate,Building,12279211.27,zh
總部大樓管理服務 (12 個月),1,services,Facility Management,Maintenance,950970.95,zh
工廠大樓管理服務 (13 個月),1,services,Facility Management,Maintenance,584436.92,zh
不鏽鋼原料採購 - 4021 kg,1,raw_materials,Manufacturing,Metal,476580.57,zh
聘請 管理顧問 (17 個月),1,services,Professional Services,Consulting,429485.87,zh
雲端 財務服務 - 12 months合約,1,services,IT Services,Software,262790.48,zh
聘請 法律顧問 (24 個月),1,services,Professional Services,Consulting,652653.49,zh
購置 射出成型機 - industrial grade,2,equipment,Manufacturing,Machinery,6162277.58,zh
管理諮詢服務 (12 months),1,services,Professional Services,Consulting,65656.34,zh
IT 基礎設施升級 - CNC 機床 (482 台),2,equipment,IT Infrastructure,Hardware,8709656.26,zh
採購 8712 tons 糖作為食品原料,1,raw_materials,Food & Beverage,Agricultural,767900.2,zh
購買 LED 模組 元件 3948 個,1,raw_materials,Electronics,Electronic Components,5645514.06,zh
採購 6888 kg 鈦金屬用於製造,1,raw_materials,Manufacturing,Metal,3077899.82,zh
聘請 IT顧問 (29 個月),1,services,Professional Services,Consulting,419447.81,zh
堆高機採購 (industrial grade),2,equipment,Transportation,Vehicle,6249500.49,zh
區域辦公室大樓管理服務 (18 個月),1,services,Facility Management,Maintenance,1153871.29,zh
法律專業服務合約,1,services,Professional Services,Consulting,60316.74,zh
太陽能板安裝 (容量 9194 kW),2,equipment,Energy,Power Generation,150414427.59,zh
ERP軟體訂閱 (5046 授權，quarterly),1,services,IT Services,Software,303771.11,zh
購買 不鏽鋼 8750 kg 供生產使用,1,raw_materials,Manufacturing,Metal,3230533.97,zh
再生能源設施建設 (3659 MW),2,equipment,Energy,Power Generation,158842102.26,zh
聘請 管理顧問 (36 個月),1,services,Professional Services,Consulting,666902.66,zh
新建 辦公大樓開發專案,2,equipment,Real Estate,Building,132250228.05,zh
採購 乙醇 溶劑 9522 liters,1,raw_materials,Manufacturing,Chemical,660050.43,zh
設施維護服務 (annual),1,services,Facility Management,Maintenance,526799.14,zh
永續專業服務合約,1,services,Professional Services,Consulting,1232107.26,zh
物流服務合約 - 區域線 (annual),1,logistics,Logistics,Freight,1171682.17,zh
辦公場所清潔維護合約,1,services,Facility Management,Maintenance,1495603.96,zh
採購 1059 個 LED 模組用於組裝,1,raw_materials,Electronics,Electronic Components,580795.94,zh
物流服務合約 - 東西線 (annual),1,logistics,Logistics,Freight,146767.25,zh
工業用 射出成型機 (1895 台) 含安裝,2,equipment,Manufacturing,Machinery,47943899.78,zh
CRM SaaS 訂閱 (2081 使用者),1,services,IT Services,Software,543894.69,zh
辦公場所清潔維護合約,1,services,Facility Management,Maintenance,821713.45,zh
採購 3116 個 電容用於組裝,1,raw_materials,Electronics,Electronic Components,5133774.04,zh
IT運輸服務 - 南北,1,logistics,Logistics,Freight,2776937.49,zh
永續諮詢服務 (annual),1,services,Professional Services,Consulting,338171.36,zh
consumer goods製造產線 (產能 9867 件/日),2,equipment,Manufacturing,Production Line,43610671.84,zh
購置 包裝機 - industrial grade,2,equipment,Manufacturing,Machinery,9925290.76,zh
購置 機械手臂 (industrial grade),2,equipment,IT Infrastructure,Hardware,1193999.88,zh
採購 253 kg 鋼板用於製造,1,raw_materials,Manufacturing,Metal,3892305.03,zh
購買工業用 乙醇 646 liters,1,raw_materials,Manufacturing,Chemical,773739.65,zh
採購 甲苯 溶劑 5077 liters,1,raw_materials,Manufacturing,Chemical,261027.55,zh
購買 PCB 電路板 元件 755 個,1,raw_materials,Electronics,Electronic Components,2101963.86,zh
冷凍倉儲租賃 (9658 立方公尺),1,logistics,Logistics,Warehousing,2905465.59,zh
consumer goods製造產線 (產能 5643 件/日),2,equipment,Manufacturing,Production Line,41723599.45,zh
設施維護服務 (annual),1,services,Facility Management,Maintenance,971653.56,zh
採購 1646 tons 大豆作為食品原料,1,raw_materials,Food & Beverage,Agricultural,2986720.82,zh
採購 1529 台 包裝機用於資料中心,2,equipment,IT Infrastructure,Hardware,3073147.16,zh
聘請 永續顧問 (11 個月),1,services,Professional Services,Consulting,216945.28,zh
購買 微晶片 元件 7744 個,1,raw_materials,Electronics,Electronic Components,2659725.69,zh
CRM SaaS 訂閱 (3171 使用者),1,services,IT Services,Software,194760.46,zh
太陽能板安裝 (容量 3948 kW),2,equipment,Energy,Power Generation,123420972.69,zh
IT諮詢服務 (12 months),1,services,Professional Services,Consulting,1901292.5,zh
銅線原料採購 - 8571 kg,1,raw_materials,Manufacturing,Metal,2123572.12,zh
倉庫大樓管理服務 (26 個月),1,services,Facility Management,Maintenance,1427316.1,zh
購買 鈦金屬 5710 kg 供生產使用,1,raw_materials,Manufacturing,Metal,756404.3,zh
採購 3302 個 微晶片用於組裝,1,raw_materials,Electronics,Electronic Components,1010582.41,zh
採購 射出成型機用於生產設施,2,equipment,Manufacturing,Machinery,39101399.36,zh
IT 基礎設施升級 - 射出成型機 (6961 台),2,equipment,IT Infrastructure,Hardware,9928382.03,zh
automotive parts自動化組裝線,2,equipment,Manufacturing,Production Line,93670243.1,zh
購買 電容 元件 1025 個,1,raw_materials,Electronics,Electronic Components,7685436.46,zh
聘請 IT顧問 (32 個月),1,services,Professional Services,Consulting,377699.16,zh
購買有機 小麥 8059 tons,1,raw_materials,Food & Beverage,Agricultural,355143.95,zh
設施維護服務 (12 months),1,services,Facility Management,Maintenance,571918.83,zh
倉儲服務 (4247 平方公尺，annual),1,logistics,Logistics,Warehousing,1237378.98,zh
車隊採購 - 3375 輛 載貨車輛,2,equipment,Transportation,Vehicle,17116878.21,zh
採購 4478 個 LED 模組用於組裝,1,raw_materials,Electronics,Electronic Components,2394363.71,zh
新建 倉庫開發專案,2,equipment,Real Estate,Building,32276283.61,zh
冷凍倉儲租賃 (9805 立方公尺),1,logistics,Logistics,Warehousing,1995882.14,zh
採購 4845 tons 糖作為食品原料,1,raw_materials,Food & Beverage,Agricultural,2241705.58,zh
車隊採購 - 1364 輛 載貨車輛,2,equipment,Transportation,Vehicle,4105761.06,zh
再生能源設施建設 (7322 MW),2,equipment,Energy,Power Generation,42556574.55,zh
Collaboration SaaS 訂閱 (1937 使用者),1,services,IT Services,Software,553872.0,zh
建造 倉庫 (34358 平方公尺),2,equipment,Real Estate,Building,307197689.98,zh
倉儲服務 (1443 平方公尺，12 months),1,logistics,Logistics,Warehousing,1222277.34,zh
倉儲服務 (1537 平方公尺，12 months),1,logistics,Logistics,Warehousing,2206494.95,zh
倉儲服務 (1200 平方公尺，annual),1,logistics,Logistics,Warehousing,2388789.67,zh
區域辦公室大樓管理服務 (21 個月),1,services,Facility Management,Maintenance,1395635.11,zh
車隊採購 - 6253 輛 載貨車輛,2,equipment,Transportation,Vehicle,10833864.24,zh
購買工業用 硫酸 1933 liters,1,raw_materials,Manufacturing,Chemical,1142298.32,zh
包裝機發電系統 - 1217 MW,2,equipment,Energy,Power Generation,177029157.56,zh
雲端 管理服務 - 6 months合約,1,services,IT Services,Software,91723.14,zh
購置 射出成型機 (industrial grade),2,equipment,IT Infrastructure,Hardware,6995678.11,zh
購置 CNC 機床 - industrial grade,2,equipment,Manufacturing,Machinery,28463188.25,zh
IT 基礎設施升級 - 包裝機 (2535 台),2,equipment,IT Infrastructure,Hardware,8975914.85,zh
Security SaaS 訂閱 (9091 使用者),1,services,IT Services,Software,812857.14,zh
倉庫大樓管理服務 (31 個月),1,services,Facility Management,Maintenance,399359.25,zh
購買有機 小麥 1695 tons,1,raw_materials,Food & Beverage,Agricultural,2794030.95,zh
貨車採購 (industrial grade),2,equipment,Transportation,Vehicle,17094180.77,zh
購買 電阻 元件 4950 個,1,raw_materials,Electronics,Electronic Components,5088297.31,zh
冷凍倉儲租賃 (9626 立方公尺),1,logistics,Logistics,Warehousing,300227.85,zh
完整 electronics生產線安裝,2,equipment,Manufacturing,Production Line,20663933.34,zh
Security SaaS 訂閱 (4297 使用者),1,services,IT Services,Software,42531.2,zh
automotive parts製造產線 (產能 4261 件/日),2,equipment,Manufacturing,Production Line,98826911.05,zh
設施維護服務 (6 months),1,services,Facility Management,Maintenance,129023.25,zh
鋁合金原料採購 - 2150 kg,1,raw_materials,Manufacturing,Metal,3444325.8,zh
鋼板原料採購 - 5255 kg,1,raw_materials,Manufacturing,Metal,4672820.21,zh
管理專業服務合約,1,services,Professional Services,Consulting,1028624.24,zh
採購 6580 tons 大豆作為食品原料,1,raw_materials,Food & Beverage,Agricultural,679655.98,zh
貨車採購 (industrial grade),2,equipment,Transportation,Vehicle,5498411.25,zh
載貨車輛採購 (industrial grade),2,equipment,Transportation,Vehicle,28751317.3,zh
採購 2361 個 微晶片用於組裝,1,raw_materials,Electronics,Electronic Components,893633.59,zh
太陽能板安裝 (容量 5138 kW),2,equipment,Energy,Power Generation,58125578.36,zh
東西區域配送月度運輸服務,1,logistics,Logistics,Freight,2840459.13,zh
工業用 包裝機 (4600 台) 含安裝,2,equipment,Manufacturing,Machinery,8061083.13,zh
購買 PCB 電路板 元件 2307 個,1,raw_materials,Electronics,Electronic Components,5376066.36,zh
工廠第三方倉儲 - 9052 坪,1,logistics,Logistics,Warehousing,1426834.11,zh
購買 電阻 元件 8231 個,1,raw_materials,Electronics,Electronic Components,7298311.42,zh
採購 4933 個 PCB 電路板用於組裝,1,raw_materials,Electronics,Electronic Components,6335050.78,zh
購買工業用 硫酸 8318 liters,1,raw_materials,Manufacturing,Chemical,605395.0,zh
Collaboration SaaS 訂閱 (7277 使用者),1,services,IT Services,Software,301948.77,zh
購買 鈦金屬 7837 kg 供生產使用,1,raw_materials,Manufacturing,Metal,2794784.44,zh
IT諮詢服務 (12 months),1,services,Professional Services,Consulting,1396659.96,zh
automotive parts製造產線 (產能 6623 件/日),2,equipment,Manufacturing,Production Line,28139045.23,zh
南北區域配送月度運輸服務,1,logistics,Logistics,Freight,1713030.15,zh
車隊採購 - 3752 輛 貨車,2,equipment,Transportation,Vehicle,18995535.5,zh
太陽能板安裝 (容量 5222 kW),2,equipment,Energy,Power Generation,110683181.93,zh
購買 4429 輛 載貨車輛用於物流運營,2,equipment,Transportation,Vehicle,11134297.19,zh
鋼板原料採購 - 7101 kg,1,raw_materials,Manufacturing,Metal,4580392.11,zh
IT 基礎設施升級 - 機械手臂 (1035 台),2,equipment,IT Infrastructure,Hardware,5952646.2,zh
採購 3980 個 LED 模組用於組裝,1,raw_materials,Electronics,Electronic Components,2766031.4,zh
Analytics軟體訂閱 (563 授權，quarterly),1,services,IT Services,Software,792987.41,zh
倉儲服務 (735 平方公尺，annual),1,logistics,Logistics,Warehousing,1397243.68,zh
機械手臂發電系統 - 2226 MW,2,equipment,Energy,Power Generation,129425078.62,zh
購買工業用 丙酮 1885 liters,1,raw_materials,Manufacturing,Chemical,942051.3,zh
工業用 CNC 機床 (8571 台) 含安裝,2,equipment,Manufacturing,Machinery,13434493.29,zh
財務諮詢服務 (quarterly),1,services,Professional Services,Consulting,293924.51,zh
採購 5975 tons 糖作為食品原料,1,raw_materials,Food & Beverage,Agricultural,1925584.56,zh
購置 射出成型機 - industrial grade,2,equipment,Manufacturing,Machinery,28124615.21,zh
物流服務合約 - 南北線 (annual),1,logistics,Logistics,Freight,4229613.55,zh
IT 基礎設施升級 - 輸送系統 (9738 台),2,equipment,IT Infrastructure,Hardware,1669307.1,zh
鋼板原料採購 - 3912 kg,1,raw_materials,Manufacturing,Metal,3029746.08,zh
購置 輸送系統 - industrial grade,2,equipment,Manufacturing,Machinery,40767153.4,zh
採購 1732 kg 鋼板用於製造,1,raw_materials,Manufacturing,Metal,4736252.86,zh
太陽能板安裝 (容量 2386 kW),2,equipment,Energy,Power Generation,46071681.04,zh
購置 機械手臂 - industrial grade,2,equipment,Manufacturing,Machinery,34812215.78,zh
electronics製造產線 (產能 5280 件/日),2,equipment,Manufacturing,Production Line,53059045.93,zh
採購 8584 kg 鋁合金用於製造,1,raw_materials,Manufacturing,Metal,3985869.25,zh
製造廠建築合約 (倉庫),2,equipment,Real Estate,Building,327296194.49,zh
冷凍倉儲租賃 (2601 立方公尺),1,logistics,Logistics,Warehousing,653575.49,zh
採購 丙酮 溶劑 8582 liters,1,raw_materials,Manufacturing,Chemical,1673417.56,zh
設施維護服務 (6 months),1,services,Facility Management,Maintenance,983132.19,zh
購買有機 大豆 8524 tons,1,raw_materials,Food & Beverage,Agricultural,194083.47,zh
冷凍倉儲租賃 (684 立方公尺),1,logistics,Logistics,Warehousing,1931093.26,zh
IT 基礎設施升級 - 射出成型機 (406 台),2,equipment,IT Infrastructure,Hardware,8557088.62,zh
設施維護服務 (6 months),1,services,Facility Management,Maintenance,1249645.11,zh
法律專業服務合約,1,services,Professional Services,Consulting,1424520.96,zh
辦公場所清潔維護合約,1,services,Facility Management,Maintenance,1458294.29,zh
設施維護服務 (12 months),1,services,Facility Management,Maintenance,1361273.2,zh
再生能源設施建設 (8819 MW),2,equipment,Energy,Power Generation,163191972.52,zh
工業用 射出成型機 (4930 台) 含安裝,2,equipment,Manufacturing,Machinery,28670710.12,zh
雲端 管理服務 - annual合約,1,services,IT Services,Software,181800.66,zh
工業用 包裝機 (9074 台) 含安裝,2,equipment,Manufacturing,Machinery,31897080.14,zh
管理專業服務合約,1,services,Professional Services,Consulting,1313195.52,zh
雲端 永續服務 - quarterly合約,1,services,IT Services,Software,992465.82,zh
貨車採購 (industrial grade),2,equipment,Transportation,Vehicle,14575526.02,zh
倉儲服務 (4954 平方公尺，6 months),1,logistics,Logistics,Warehousing,2825635.43,zh
工廠第三方倉儲 - 7436 坪,1,logistics,Logistics,Warehousing,395271.1,zh
設施維護服務 (quarterly),1,services,Facility Management,Maintenance,120284.11,zh
新建 辦公大樓開發專案,2,equipment,Real Estate,Building,281906564.59,zh
載貨車輛採購 (industrial grade),2,equipment,Transportation,Vehicle,9593614.88,zh
consumer goods製造產線 (產能 4921 件/日),2,equipment,Manufacturing,Production Line,50944840.07,zh
新建 配送中心開發專案,2,equipment,Real Estate,Building,434853319.31,zh
辦公大樓建築合約 (總部),2,equipment,Real Estate,Building,216858383.73,zh
Analytics軟體訂閱 (1488 授權，6 months),1,services,IT Services,Software,185685.27,zh
物流服務合約 - 市區線 (annual),1,logistics,Logistics,Freight,3051103.22,zh
區域辦公室大樓管理服務 (6 個月),1,services,Facility Management,Maintenance,1253457.07,zh
採購 3361 個 微晶片用於組裝,1,raw_materials,Electronics,Electronic Components,6597263.19,zh
購買工業用 硫酸 1902 liters,1,raw_materials,Manufacturing,Chemical,894321.67,zh
管理諮詢服務 (quarterly),1,services,Professional Services,Consulting,367382.79,zh
購買有機 大豆 5115 tons,1,raw_materials,Food & Beverage,Agricultural,1330596.21,zh
購買工業用 甲苯 2194 liters,1,raw_materials,Manufacturing,Chemical,1680526.46,zh
冷凍倉儲租賃 (7909 立方公尺),1,logistics,Logistics,Warehousing,2280438.98,zh
太陽能板安裝 (容量 9759 kW),2,equipment,Energy,Power Generation,62546714.99,zh
購買工業用 丙酮 2097 liters,1,raw_materials,Manufacturing,Chemical,1868180.7,zh
購置 包裝機 - industrial grade,2,equipment,Manufacturing,Machinery,36260385.31,zh
倉庫第三方倉儲 - 1373 坪,1,logistics,Logistics,Warehousing,1619105.25,zh
分公司第三方倉儲 - 888 坪,1,logistics,Logistics,Warehousing,2522077.03,zh
輸送系統發電系統 - 8791 MW,2,equipment,Energy,Power Generation,51033951.28,zh
辦公場所清潔維護合約,1,services,Facility Management,Maintenance,1263544.32,zh
新建 製造廠開發專案,2,equipment,Real Estate,Building,164144207.18,zh
冷凍倉儲租賃 (4305 立方公尺),1,logistics,Logistics,Warehousing,917037.67,zh
財務運輸服務 - 跨境,1,logistics,Logistics,Freight,2081372.25,zh
CNC 機床發電系統 - 3114 MW,2,equipment,Energy,Power Generation,130000879.23,zh
購置 射出成型機 - industrial grade,2,equipment,Manufacturing,Machinery,17754560.35,zh
購置 機械手臂 (industrial grade),2,equipment,IT Infrastructure,Hardware,2616949.58,zh
購買工業用 氫氧化鈉 2206 liters,1,raw_materials,Manufacturing,Chemical,1900645.09,zh
車隊採購 - 6922 輛 貨車,2,equipment,Transportation,Vehicle,12667290.49,zh
購買 鋁合金 6359 kg 供生產使用,1,raw_materials,Manufacturing,Metal,3694865.66,zh
採購 射出成型機用於生產設施,2,equipment,Manufacturing,Machinery,41315430.11,zh
輸送系統發電系統 - 5546 MW,2,equipment,Energy,Power Generation,49011801.87,zh
物流服務合約 - 跨境線 (6 months),1,logistics,Logistics,Freight,475179.73,zh
採購 輸送系統用於生產設施,2,equipment,Manufacturing,Machinery,1427706.06,zh
購置 包裝機 (industrial grade),2,equipment,IT Infrastructure,Hardware,5158385.78,zh
南北區域配送月度運輸服務,1,logistics,Logistics,Freight,2190707.24,zh
車隊採購 - 9987 輛 貨車,2,equipment,Transportation,Vehicle,28047230.86,zh
購買工業用 丙酮 5645 liters,1,raw_materials,Manufacturing,Chemical,1324220.32,zh
IT專業服務合約,1,services,Professional Services,Consulting,1224191.19,zh
購買工業用 甲苯 7659 liters,1,raw_materials,Manufacturing,Chemical,641703.83,zh
製造廠建築合約 (總部),2,equipment,Real Estate,Building,375167092.68,zh
購買工業用 乙醇 3883 liters,1,raw_materials,Manufacturing,Chemical,80623.9,zh
採購 3306 個 電容用於組裝,1,raw_materials,Electronics,Electronic Components,5799307.19,zh
購置 射出成型機 (industrial grade),2,equipment,IT Infrastructure,Hardware,8925940.44,zh
Security SaaS 訂閱 (6840 使用者),1,services,IT Services,Software,42281.32,zh
ERP SaaS 訂閱 (4709 使用者),1,services,IT Services,Software,247636.37,zh
設施維護服務 (12 months),1,services,Facility Management,Maintenance,510463.33,zh
採購 1062 tons 稻米作為食品原料,1,raw_materials,Food & Beverage,Agricultural,2828683.04,zh
分公司大樓管理服務 (28 個月),1,services,Facility Management,Maintenance,1086586.35,zh
購置 包裝機 (industrial grade),2,equipment,IT Infrastructure,Hardware,5488747.6,zh
購買 微晶片 元件 6502 個,1,raw_materials,Electronics,Electronic Components,984804.25,zh
分公司第三方倉儲 - 9380 坪,1,logistics,Logistics,Warehousing,2888338.05,zh
區域區域配送月度運輸服務,1,logistics,Logistics,Freight,3182191.88,zh
財務諮詢服務 (quarterly),1,services,Professional Services,Consulting,625071.8,zh
採購 3606 kg 鋼板用於製造,1,raw_materials,Manufacturing,Metal,432946.99,zh
建造 辦公大樓 (38454 平方公尺),2,equipment,Real Estate,Building,418347730.49,zh
冷凍倉儲租賃 (993 立方公尺),1,logistics,Logistics,Warehousing,2273742.11,zh
分公司大樓管理服務 (26 個月),1,services,Facility Management,Maintenance,256665.57,zh
購買 鋁合金 6198 kg 供生產使用,1,raw_materials,Manufacturing,Metal,1823038.18,zh
管理運輸服務 - 跨境,1,logistics,Logistics,Freight,2279156.04,zh
採購 甲苯 溶劑 8105 liters,1,raw_materials,Manufacturing,Chemical,609126.77,zh
Security軟體訂閱 (8384 授權，quarterly),1,services,IT Services,Software,778144.92,zh
倉儲服務 (7548 平方公尺，12 months),1,logistics,Logistics,Warehousing,1028447.14,zh
完整 electronics生產線安裝,2,equipment,Manufacturing,Production Line,31981286.4,zh
購置 機械手臂 - industrial grade,2,equipment,Manufacturing,Machinery,48225146.63,zh
建造 配送中心 (27813 平方公尺),2,equipment,Real Estate,Building,350644094.32,zh
採購 丙酮 溶劑 7511 liters,1,raw_materials,Manufacturing,Chemical,1043771.84,zh
購買有機 小麥 235 tons,1,raw_materials,Food & Beverage,Agricultural,1872141.64,zh
CRM SaaS 訂閱 (7569 使用者),1,services,IT Services,Software,875012.71,zh
consumer goods自動化組裝線,2,equipment,Manufacturing,Production Line,39018130.88,zh
購買 7401 輛 貨車用於物流運營,2,equipment,Transportation,Vehicle,27898994.3,zh
購買 電容 元件 3493 個,1,raw_materials,Electronics,Electronic Components,2905541.6,zh
採購 輸送系統用於生產設施,2,equipment,Manufacturing,Machinery,37844576.02,zh
法律諮詢服務 (12 months),1,services,Professional Services,Consulting,997896.87,zh
購買 LED 模組 元件 3078 個,1,raw_materials,Electronics,Electronic Components,2040397.33,zh
購買有機 小麥 5888 tons,1,raw_materials,Food & Beverage,Agricultural,2754362.62,zh
購買 LED 模組 元件 7142 個,1,raw_materials,Electronics,Electronic Components,6578854.07,zh
工業用 射出成型機 (1535 台) 含安裝,2,equipment,Manufacturing,Machinery,48732721.82,zh
購買 8753 輛 堆高機用於物流運營,2,equipment,Transportation,Vehicle,12886760.98,zh
總部大樓管理服務 (35 個月),1,services,Facility Management,Maintenance,283206.04,zh
設施維護服務 (annual),1,services,Facility Management,Maintenance,545402.11,zh
購買 鋁合金 1604 kg 供生產使用,1,raw_materials,Manufacturing,Metal,1693342.12,zh
財務諮詢服務 (annual),1,services,Professional Services,Consulting,1928775.64,zh
辦公場所清潔維護合約,1,services,Facility Management,Maintenance,420329.74,zh
購置 機械手臂 (industrial grade),2,equipment,IT Infrastructure,Hardware,3921557.64,zh
採購 4829 個 電阻用於組裝,1,raw_materials,Electronics,Electronic Components,1053581.24,zh
採購 5363 kg 鈦金屬用於製造,1,raw_materials,Manufacturing,Metal,2166681.37,zh
採購 氫氧化鈉 溶劑 2113 liters,1,raw_materials,Manufacturing,Chemical,905714.85,zh
財務諮詢服務 (12 months),1,services,Professional Services,Consulting,100822.79,zh
採購 硫酸 溶劑 1676 liters,1,raw_materials,Manufacturing,Chemical,1201224.91,zh
倉儲服務 (6515 平方公尺，quarterly),1,logistics,Logistics,Warehousing,1224021.44,zh
完整 automotive parts生產線安裝,2,equipment,Manufacturing,Production Line,41439567.11,zh
採購 6994 個 微晶片用於組裝,1,raw_materials,Electronics,Electronic Components,4086261.59,zh
購置 射出成型機 (industrial grade),2,equipment,IT Infrastructure,Hardware,7800036.04,zh
倉儲服務 (5431 平方公尺，12 months),1,logistics,Logistics,Warehousing,277739.29,zh
辦公場所清潔維護合約,1,services,Facility Management,Maintenance,1263288.41,zh
採購 3167 tons 稻米作為食品原料,1,raw_materials,Food & Beverage,Agricultural,1672641.7,zh
新建 辦公大樓開發專案,2,equipment,Real Estate,Building,189229774.21,zh
工廠大樓管理服務 (12 個月),1,services,Facility Management,Maintenance,624170.2,zh
法律專業服務合約,1,services,Professional Services,Consulting,1434998.37,zh
聘請 永續顧問 (6 個月),1,services,Professional Services,Consulting,1480526.32,zh
輸送系統發電系統 - 5703 MW,2,equipment,Energy,Power Generation,39008537.17,zh
製造廠建築合約 (總部),2,equipment,Real Estate,Building,297179280.95,zh
購買 1524 輛 電動廂型車用於物流運營,2,equipment,Transportation,Vehicle,26188636.46,zh
區域辦公室第三方倉儲 - 4059 坪,1,logistics,Logistics,Warehousing,387606.72,zh
管理諮詢服務 (6 months),1,services,Professional Services,Consulting,1667428.99,zh
購買有機 糖 7165 tons,1,raw_materials,Food & Beverage,Agricultural,683416.83,zh
聘請 財務顧問 (25 個月),1,services,Professional Services,Consulting,246762.26,zh
電動廂型車採購 (industrial grade),2,equipment,Transportation,Vehicle,15769170.23,zh
不鏽鋼原料採購 - 5601 kg,1,raw_materials,Manufacturing,Metal,4552841.2,zh
購買工業用 丙酮 5583 liters,1,raw_materials,Manufacturing,Chemical,401827.65,zh
購買有機 玉米 5263 tons,1,raw_materials,Food & Beverage,Agricultural,1100126.49,zh
財務諮詢服務 (6 months),1,services,Professional Services,Consulting,1443983.57,zh
銅線原料採購 - 905 kg,1,raw_materials,Manufacturing,Metal,1511431.88,zh
購買有機 玉米 1955 tons,1,raw_materials,Food & Beverage,Agricultural,887592.03,zh
採購 氫氧化鈉 溶劑 1070 liters,1,raw_materials,Manufacturing,Chemical,954273.44,zh
IT 基礎設施升級 - 包裝機 (1304 台),2,equipment,IT Infrastructure,Hardware,6233634.94,zh
consumer goods製造產線 (產能 2004 件/日),2,equipment,Manufacturing,Production Line,55886931.2,zh
購買 電阻 元件 7211 個,1,raw_materials,Electronics,Electronic Components,5785334.63,zh
採購 氫氧化鈉 溶劑 9435 liters,1,raw_materials,Manufacturing,Chemical,1995919.08,zh
automotive parts製造產線 (產能 4700 件/日),2,equipment,Manufacturing,Production Line,73424287.59,zh
採購 丙酮 溶劑 2120 liters,1,raw_materials,Manufacturing,Chemical,5170.7,zh
採購 2631 tons 糖作為食品原料,1,raw_materials,Food & Beverage,Agricultural,519958.42,zh
鋁合金原料採購 - 4486 kg,1,raw_materials,Manufacturing,Metal,271552.13,zh
設施維護服務 (quarterly),1,services,Facility Management,Maintenance,1341524.28,zh
建造 製造廠 (18604 平方公尺),2,equipment,Real Estate,Building,294162458.1,zh
區域區域配送月度運輸服務,1,logistics,Logistics,Freight,1917069.62,zh
物流服務合約 - 跨境線 (12 months),1,logistics,Logistics,Freight,3412935.48,zh
購買 電容 元件 5123 個,1,raw_materials,Electronics,Electronic Components,4200079.38,zh
區域區域配送月度運輸服務,1,logistics,Logistics,Freight,271270.93,zh
採購 9125 台 輸送系統用於資料中心,2,equipment,IT Infrastructure,Hardware,5172642.96,zh
工廠大樓管理服務 (31 個月),1,services,Facility Management,Maintenance,1175930.7,zh
市區區域配送月度運輸服務,1,logistics,Logistics,Freight,292814.15,zh
辦公場所清潔維護合約,1,services,Facility Management,Maintenance,1025241.4,zh
管理運輸服務 - 東西,1,logistics,Logistics,Freight,4480580.91,zh
採購 甲苯 溶劑 3591 liters,1,raw_materials,Manufacturing,Chemical,37301.58,zh
electronics製造產線 (產能 7961 件/日),2,equipment,Manufacturing,Production Line,32593001.94,zh
工廠第三方倉儲 - 6052 坪,1,logistics,Logistics,Warehousing,1034532.49,zh
IT運輸服務 - 區域,1,logistics,Logistics,Freight,4420645.13,zh
聘請 永續顧問 (23 個月),1,services,Professional Services,Consulting,291374.14,zh
載貨車輛採購 (industrial grade),2,equipment,Transportation,Vehicle,2142936.29,zh
採購 乙醇 溶劑 1140 liters,1,raw_materials,Manufacturing,Chemical,1928468.03,zh
採購 9600 台 CNC 機床用於資料中心,2,equipment,IT Infrastructure,Hardware,5055596.41,zh
ERP SaaS 訂閱 (9681 使用者),1,services,IT Services,Software,562439.69,zh
consumer goods自動化組裝線,2,equipment,Manufacturing,Production Line,28812148.69,zh
物流服務合約 - 區域線 (quarterly),1,logistics,Logistics,Freight,2153350.4,zh
採購 甲苯 溶劑 4516 liters,1,raw_materials,Manufacturing,Chemical,1013183.8,zh
購買 電容 元件 365 個,1,raw_materials,Electronics,Electronic Components,748862.39,zh
IT 基礎設施升級 - 輸送系統 (234 台),2,equipment,IT Infrastructure,Hardware,2588562.88,zh
購買工業用 乙醇 8610 liters,1,raw_materials,Manufacturing,Chemical,904068.26,zh
建造 配送中心 (35984 平方公尺),2,equipment,Real Estate,Building,483157575.0,zh
採購 硫酸 溶劑 2746 liters,1,raw_materials,Manufacturing,Chemical,431491.07,zh
辦公場所清潔維護合約,1,services,Facility Management,Maintenance,1413774.26,zh
Collaboration軟體訂閱 (2294 授權，annual),1,services,IT Services,Software,203198.25,zh
雲端 財務服務 - annual合約,1,services,IT Services,Software,132994.81,zh
採購 9416 kg 鋼板用於製造,1,raw_materials,Manufacturing,Metal,2844129.72,zh
雲端 管理服務 - 6 months合約,1,services,IT Services,Software,755359.13,zh
採購 硫酸 溶劑 8133 liters,1,raw_materials,Manufacturing,Chemical,1110062.2,zh
Security SaaS 訂閱 (6778 使用者),1,services,IT Services,Software,616466.42,zh
製造廠建築合約 (工廠),2,equipment,Real Estate,Building,258395372.77,zh
購買 電容 元件 7977 個,1,raw_materials,Electronics,Electronic Components,4784012.83,zh
製造廠建築合約 (工廠),2,equipment,Real Estate,Building,269610094.28,zh
購買有機 大豆 6411 tons,1,raw_materials,Food & Beverage,Agricultural,172645.63,zh
購買 微晶片 元件 6256 個,1,raw_materials,Electronics,Electronic Components,5677553.47,zh
太陽能板安裝 (容量 8624 kW),2,equipment,Energy,Power Generation,157597733.04,zh
採購 9090 個 電阻用於組裝,1,raw_materials,Electronics,Electronic Components,5293545.28,zh
購買工業用 硫酸 5493 liters,1,raw_materials,Manufacturing,Chemical,1301481.64,zh
辦公場所清潔維護合約,1,services,Facility Management,Maintenance,223958.18,zh
永續運輸服務 - 東西,1,logistics,Logistics,Freight,955191.42,zh
購買工業用 硫酸 448 liters,1,raw_materials,Manufacturing,Chemical,1325876.0,zh
辦公場所清潔維護合約,1,services,Facility Management,Maintenance,949089.53,zh
採購 2484 個 PCB 電路板用於組裝,1,raw_materials,Electronics,Electronic Components,3299537.99,zh
聘請 永續顧問 (30 個月),1,services,Professional Services,Consulting,1488706.79,zh
銅線原料採購 - 7552 kg,1,raw_materials,Manufacturing,Metal,432871.46,zh
採購 7556 個 PCB 電路板用於組裝,1,raw_materials,Electronics,Electronic Components,4757644.02,zh
永續諮詢服務 (annual),1,services,Professional Services,Consulting,899761.97,zh
採購 甲苯 溶劑 6126 liters,1,raw_materials,Manufacturing,Chemical,284891.59,zh
購買 PCB 電路板 元件 8109 個,1,raw_materials,Electronics,Electronic Components,7340998.07,zh
倉庫建築合約 (工廠),2,equipment,Real Estate,Building,140109914.12,zh
採購 2151 kg 鈦金屬用於製造,1,raw_materials,Manufacturing,Metal,4526339.07,zh
購買 PCB 電路板 元件 9720 個,1,raw_materials,Electronics,Electronic Components,602134.79,zh
electronics製造產線 (產能 8880 件/日),2,equipment,Manufacturing,Production Line,81721705.94,zh
分公司大樓管理服務 (28 個月),1,services,Facility Management,Maintenance,1304559.96,zh
IT 基礎設施升級 - 機械手臂 (8177 台),2,equipment,IT Infrastructure,Hardware,7155871.69,zh
採購 3092 kg 鋁合金用於製造,1,raw_materials,Manufacturing,Metal,2764875.67,zh
購買有機 玉米 7489 tons,1,raw_materials,Food & Beverage,Agricultural,2712170.4,zh
購買有機 稻米 1499 tons,1,raw_materials,Food & Beverage,Agricultural,2043407.96,zh
購置 射出成型機 - industrial grade,2,equipment,Manufacturing,Machinery,34076187.84,zh
雲端 法律服務 - quarterly合約,1,services,IT Services,Software,670253.15,zh
辦公場所清潔維護合約,1,services,Facility Management,Maintenance,641504.79,zh
electronics製造產線 (產能 2285 件/日),2,equipment,Manufacturing,Production Line,64295920.97,zh
車隊採購 - 2229 輛 堆高機,2,equipment,Transportation,Vehicle,9572710.31,zh
購買工業用 甲苯 4082 liters,1,raw_materials,Manufacturing,Chemical,1504102.85,zh
鋁合金原料採購 - 4511 kg,1,raw_materials,Manufacturing,Metal,3976732.3,zh
購置 射出成型機 - industrial grade,2,equipment,Manufacturing,Machinery,12090995.1,zh
永續運輸服務 - 區域,1,logistics,Logistics,Freight,4262953.65,zh
購買 電容 元件 4960 個,1,raw_materials,Electronics,Electronic Components,2700224.98,zh
購置 射出成型機 - industrial grade,2,equipment,Manufacturing,Machinery,15101434.23,zh
採購 乙醇 溶劑 3706 liters,1,raw_materials,Manufacturing,Chemical,1187098.89,zh
聘請 財務顧問 (27 個月),1,services,Professional Services,Consulting,721831.29,zh
工業用 機械手臂 (903 台) 含安裝,2,equipment,Manufacturing,Machinery,37130642.76,zh
再生能源設施建設 (7971 MW),2,equipment,Energy,Power Generation,24649417.7,zh
銅線原料採購 - 6880 kg,1,raw_materials,Manufacturing,Metal,4023646.72,zh
ERP SaaS 訂閱 (8708 使用者),1,services,IT Services,Software,200658.45,zh
再生能源設施建設 (9166 MW),2,equipment,Energy,Power Generation,70119068.71,zh
辦公場所清潔維護合約,1,services,Facility Management,Maintenance,361441.32,zh
購買 不鏽鋼 1813 kg 供生產使用,1,raw_materials,Manufacturing,Metal,3726325.97,zh
聘請 管理顧問 (10 個月),1,services,Professional Services,Consulting,1748319.29,zh
設施維護服務 (12 months),1,services,Facility Management,Maintenance,781987.09,zh
採購 甲苯 溶劑 4285 liters,1,raw_materials,Manufacturing,Chemical,804320.39,zh
購買 8416 輛 堆高機用於物流運營,2,equipment,Transportation,Vehicle,18468769.0,zh
electronics製造產線 (產能 2484 件/日),2,equipment,Manufacturing,Production Line,79015249.07,zh
設施維護服務 (annual),1,services,Facility Management,Maintenance,491456.0,zh
法律諮詢服務 (6 months),1,services,Professional Services,Consulting,1459840.26,zh
設施維護服務 (quarterly),1,services,Facility Management,Maintenance,877340.09,zh
採購 6193 kg 鋁合金用於製造,1,raw_materials,Manufacturing,Metal,4794138.82,zh
採購 硫酸 溶劑 9298 liters,1,raw_materials,Manufacturing,Chemical,327137.61,zh
電動廂型車採購 (industrial grade),2,equipment,Transportation,Vehicle,16447227.79,zh
購置 射出成型機 - industrial grade,2,equipment,Manufacturing,Machinery,45055870.25,zh
雲端 財務服務 - quarterly合約,1,services,IT Services,Software,285331.81,zh
購買工業用 丙酮 4145 liters,1,raw_materials,Manufacturing,Chemical,1252690.44,zh
CRM SaaS 訂閱 (7667 使用者),1,services,IT Services,Software,642379.38,zh
總部第三方倉儲 - 6274 坪,1,logistics,Logistics,Warehousing,368984.83,zh
consumer goods製造產線 (產能 8914 件/日),2,equipment,Manufacturing,Production Line,83731123.74,zh
完整 automotive parts生產線安裝,2,equipment,Manufacturing,Production Line,98964449.66,zh
採購 丙酮 溶劑 315 liters,1,raw_materials,Manufacturing,Chemical,450496.76,zh
配送中心建築合約 (分公司),2,equipment,Real Estate,Building,58317213.71,zh
車隊採購 - 2371 輛 堆高機,2,equipment,Transportation,Vehicle,21786548.82,zh
購買 4060 輛 堆高機用於物流運營,2,equipment,Transportation,Vehicle,3152867.6,zh
車隊採購 - 8115 輛 載貨車輛,2,equipment,Transportation,Vehicle,3707582.46,zh
區域辦公室第三方倉儲 - 6657 坪,1,logistics,Logistics,Warehousing,2361134.33,zh
南北區域配送月度運輸服務,1,logistics,Logistics,Freight,2127988.94,zh
採購 硫酸 溶劑 4343 liters,1,raw_materials,Manufacturing,Chemical,505986.9,zh
採購 6494 台 包裝機用於資料中心,2,equipment,IT Infrastructure,Hardware,2656142.64,zh
採購 2338 kg 鋼板用於製造,1,raw_materials,Manufacturing,Metal,2411070.4,zh
區域區域配送月度運輸服務,1,logistics,Logistics,Freight,202935.07,zh
區域辦公室大樓管理服務 (26 個月),1,services,Facility Management,Maintenance,951334.95,zh
財務運輸服務 - 東西,1,logistics,Logistics,Freight,4000872.59,zh
倉儲服務 (1261 平方公尺，6 months),1,logistics,Logistics,Warehousing,471316.32,zh
購買 LED 模組 元件 7926 個,1,raw_materials,Electronics,Electronic Components,6229818.25,zh
購買 PCB 電路板 元件 1659 個,1,raw_materials,Electronics,Electronic Components,95970.23,zh
購買 LED 模組 元件 6325 個,1,raw_materials,Electronics,Electronic Components,326706.96,zh
倉儲服務 (1757 平方公尺，12 months),1,logistics,Logistics,Warehousing,2608274.97,zh
購買有機 小麥 1032 tons,1,raw_materials,Food & Beverage,Agricultural,1149642.61,zh
Analytics SaaS 訂閱 (2169 使用者),1,services,IT Services,Software,191519.54,zh
管理諮詢服務 (6 months),1,services,Professional Services,Consulting,750136.3,zh
採購 硫酸 溶劑 7737 liters,1,raw_materials,Manufacturing,Chemical,1891703.14,zh
Security SaaS 訂閱 (897 使用者),1,services,IT Services,Software,285759.69,zh
採購 217 tons 糖作為食品原料,1,raw_materials,Food & Beverage,Agricultural,1010352.99,zh
購買 不鏽鋼 1392 kg 供生產使用,1,raw_materials,Manufacturing,Metal,1329333.52,zh
貨車採購 (industrial grade),2,equipment,Transportation,Vehicle,25827646.67,zh
跨境區域配送月度運輸服務,1,logistics,Logistics,Freight,2520842.05,zh
設施維護服務 (quarterly),1,services,Facility Management,Maintenance,1311005.38,zh
採購 4493 tons 小麥作為食品原料,1,raw_materials,Food & Beverage,Agricultural,2103762.96,zh
採購 射出成型機用於生產設施,2,equipment,Manufacturing,Machinery,8351266.1,zh
再生能源設施建設 (3833 MW),2,equipment,Energy,Power Generation,75925650.52,zh
採購 1922 tons 糖作為食品原料,1,raw_materials,Food & Beverage,Agricultural,1978190.29,zh
倉庫大樓管理服務 (11 個月),1,services,Facility Management,Maintenance,226510.09,zh
採購 6144 kg 鋼板用於製造,1,raw_materials,Manufacturing,Metal,653063.62,zh
採購 1130 tons 大豆作為食品原料,1,raw_materials,Food & Beverage,Agricultural,2259317.37,zh
車隊採購 - 6580 輛 載貨車輛,2,equipment,Transportation,Vehicle,7156866.23,zh
電動廂型車採購 (industrial grade),2,equipment,Transportation,Vehicle,3956392.29,zh
雲端 IT服務 - 12 months合約,1,services,IT Services,Software,994314.49,zh
包裝機發電系統 - 1393 MW,2,equipment,Energy,Power Generation,189965112.16,zh
設施維護服務 (6 months),1,services,Facility Management,Maintenance,887980.36,zh
永續專業服務合約,1,services,Professional Services,Consulting,515216.82,zh
市區區域配送月度運輸服務,1,logistics,Logistics,Freight,1452440.5,zh
管理專業服務合約,1,services,Professional Services,Consulting,360153.68,zh
完整 consumer goods生產線安裝,2,equipment,Manufacturing,Production Line,8355305.46,zh
electronics製造產線 (產能 2684 件/日),2,equipment,Manufacturing,Production Line,30124262.54,zh
購買有機 小麥 3588 tons,1,raw_materials,Food & Beverage,Agricultural,1961373.08,zh
區域辦公室第三方倉儲 - 5842 坪,1,logistics,Logistics,Warehousing,2619242.76,zh
購買工業用 氫氧化鈉 7002 liters,1,raw_materials,Manufacturing,Chemical,1114959.62,zh
採購 甲苯 溶劑 4764 liters,1,raw_materials,Manufacturing,Chemical,51236.71,zh
購買工業用 甲苯 2983 liters,1,raw_materials,Manufacturing,Chemical,1376296.82,zh
CNC 機床發電系統 - 1787 MW,2,equipment,Energy,Power Generation,23473895.59,zh
不鏽鋼原料採購 - 9327 kg,1,raw_materials,Manufacturing,Metal,2894826.01,zh
採購 丙酮 溶劑 8684 liters,1,raw_materials,Manufacturing,Chemical,1409555.43,zh
永續專業服務合約,1,services,Professional Services,Consulting,1701986.11,zh
採購 2038 kg 鋁合金用於製造,1,raw_materials,Manufacturing,Metal,3068652.58,zh
雲端 財務服務 - 12 months合約,1,services,IT Services,Software,735911.51,zh
購買工業用 硫酸 8409 liters,1,raw_materials,Manufacturing,Chemical,871041.32,zh
物流服務合約 - 跨境線 (annual),1,logistics,Logistics,Freight,1514843.65,zh
購買 LED 模組 元件 9355 個,1,raw_materials,Electronics,Electronic Components,3852516.38,zh
新建 配送中心開發專案,2,equipment,Real Estate,Building,15189924.8,zh
分公司第三方倉儲 - 6431 坪,1,logistics,Logistics,Warehousing,936965.22,zh
採購 1504 tons 糖作為食品原料,1,raw_materials,Food & Beverage,Agricultural,2737460.31,zh
automotive parts自動化組裝線,2,equipment,Manufacturing,Production Line,23096525.45,zh
射出成型機發電系統 - 5534 MW,2,equipment,Energy,Power Generation,182464355.16,zh
堆高機採購 (industrial grade),2,equipment,Transportation,Vehicle,992652.45,zh
Security SaaS 訂閱 (7848 使用者),1,services,IT Services,Software,326122.62,zh
購買有機 糖 754 tons,1,raw_materials,Food & Beverage,Agricultural,820310.61,zh
不鏽鋼原料採購 - 2853 kg,1,raw_materials,Manufacturing,Metal,1366419.76,zh
管理諮詢服務 (6 months),1,services,Professional Services,Consulting,609414.82,zh
購買 微晶片 元件 7963 個,1,raw_materials,Electronics,Electronic Components,3397275.3,zh
採購 9197 tons 小麥作為食品原料,1,raw_materials,Food & Beverage,Agricultural,2043238.4,zh
工廠第三方倉儲 - 2854 坪,1,logistics,Logistics,Warehousing,146157.74,zh
設施維護服務 (12 months),1,services,Facility Management,Maintenance,530837.72,zh
採購 甲苯 溶劑 3148 liters,1,raw_materials,Manufacturing,Chemical,33225.99,zh
設施維護服務 (6 months),1,services,Facility Management,Maintenance,1442958.4,zh
購買工業用 乙醇 8908 liters,1,raw_materials,Manufacturing,Chemical,1725088.25,zh
購買 銅線 8084 kg 供生產使用,1,raw_materials,Manufacturing,Metal,649949.51,zh
建造 倉庫 (23035 平方公尺),2,equipment,Real Estate,Building,207457239.63,zh
購買工業用 乙醇 4226 liters,1,raw_materials,Manufacturing,Chemical,1804825.45,zh
包裝機發電系統 - 7372 MW,2,equipment,Energy,Power Generation,135223226.11,zh
購買 微晶片 元件 5858 個,1,raw_materials,Electronics,Electronic Components,7395619.08,zh
辦公場所清潔維護合約,1,services,Facility Management,Maintenance,1285896.66,zh
設施維護服務 (12 months),1,services,Facility Management,Maintenance,224014.83,zh
區域辦公室第三方倉儲 - 3264 坪,1,logistics,Logistics,Warehousing,606824.61,zh
採購 丙酮 溶劑 318 liters,1,raw_materials,Manufacturing,Chemical,606783.38,zh
購置 機械手臂 - industrial grade,2,equipment,Manufacturing,Machinery,24710292.2,zh
太陽能板安裝 (容量 428 kW),2,equipment,Energy,Power Generation,161601857.13,zh
購置 機械手臂 - industrial grade,2,equipment,Manufacturing,Machinery,2985810.06,zh
聘請 IT顧問 (13 個月),1,services,Professional Services,Consulting,1059610.8,zh
辦公場所清潔維護合約,1,services,Facility Management,Maintenance,567389.58,zh
IT 基礎設施升級 - 包裝機 (5667 台),2,equipment,IT Infrastructure,Hardware,8799276.9,zh
再生能源設施建設 (2447 MW),2,equipment,Energy,Power Generation,176303636.52,zh
購置 機械手臂 (industrial grade),2,equipment,IT Infrastructure,Hardware,7332169.68,zh
配送中心建築合約 (分公司),2,equipment,Real Estate,Building,223559628.26,zh
冷凍倉儲租賃 (2713 立方公尺),1,logistics,Logistics,Warehousing,33953.49,zh
automotive parts自動化組裝線,2,equipment,Manufacturing,Production Line,28842533.18,zh
採購 9359 台 包裝機用於資料中心,2,equipment,IT Infrastructure,Hardware,6429573.76,zh
倉儲服務 (6391 平方公尺，12 months),1,logistics,Logistics,Warehousing,273218.09,zh
採購 9972 個 PCB 電路板用於組裝,1,raw_materials,Electronics,Electronic Components,747698.75,zh
採購 丙酮 溶劑 9601 liters,1,raw_materials,Manufacturing,Chemical,1384976.27,zh
ERP SaaS 訂閱 (8711 使用者),1,services,IT Services,Software,253753.19,zh
採購 6180 tons 大豆作為食品原料,1,raw_materials,Food & Beverage,Agricultural,819760.65,zh
機械手臂發電系統 - 1359 MW,2,equipment,Energy,Power Generation,8104928.15,zh
雲端 IT服務 - quarterly合約,1,services,IT Services,Software,846965.05,zh
聘請 管理顧問 (36 個月),1,services,Professional Services,Consulting,1037890.68,zh
automotive parts製造產線 (產能 718 件/日),2,equipment,Manufacturing,Production Line,82052052.49,zh
購買 鋼板 3654 kg 供生產使用,1,raw_materials,Manufacturing,Metal,3210993.88,zh
購買工業用 氫氧化鈉 1762 liters,1,raw_materials,Manufacturing,Chemical,136789.57,zh
工業用 射出成型機 (8893 台) 含安裝,2,equipment,Manufacturing,Machinery,29954237.77,zh
automotive parts製造產線 (產能 721 件/日),2,equipment,Manufacturing,Production Line,92200137.66,zh
採購 4669 tons 小麥作為食品原料,1,raw_materials,Food & Beverage,Agricultural,202258.19,zh
法律諮詢服務 (6 months),1,services,Professional Services,Consulting,583061.62,zh
分公司第三方倉儲 - 1651 坪,1,logistics,Logistics,Warehousing,1860779.81,zh
車隊採購 - 2045 輛 堆高機,2,equipment,Transportation,Vehicle,3206679.5,zh
倉儲服務 (1463 平方公尺，quarterly),1,logistics,Logistics,Warehousing,1323087.12,zh
採購 8902 tons 玉米作為食品原料,1,raw_materials,Food & Beverage,Agricultural,318196.5,zh
冷凍倉儲租賃 (1690 立方公尺),1,logistics,Logistics,Warehousing,2792458.7,zh
採購 1756 tons 大豆作為食品原料,1,raw_materials,Food & Beverage,Agricultural,1998729.31,zh
倉儲服務 (6028 平方公尺，12 months),1,logistics,Logistics,Warehousing,2966630.4,zh
雲端 財務服務 - 12 months合約,1,services,IT Services,Software,348999.31,zh
倉儲服務 (9409 平方公尺，6 months),1,logistics,Logistics,Warehousing,2511459.11,zh
IT 基礎設施升級 - 包裝機 (1944 台),2,equipment,IT Infrastructure,Hardware,3729214.18,zh
設施維護服務 (6 months),1,services,Facility Management,Maintenance,1240854.74,zh
採購 硫酸 溶劑 9380 liters,1,raw_materials,Manufacturing,Chemical,603005.75,zh
辦公場所清潔維護合約,1,services,Facility Management,Maintenance,342726.04,zh
採購 2965 台 包裝機用於資料中心,2,equipment,IT Infrastructure,Hardware,6405085.72,zh
採購 4371 個 電阻用於組裝,1,raw_materials,Electronics,Electronic Components,244753.33,zh
管理專業服務合約,1,services,Professional Services,Consulting,855460.77,zh
雲端 法律服務 - quarterly合約,1,services,IT Services,Software,594690.03,zh
財務專業服務合約,1,services,Professional Services,Consulting,1569370.37,zh
Collaboration軟體訂閱 (8751 授權，quarterly),1,services,IT Services,Software,388190.87,zh
倉庫第三方倉儲 - 8518 坪,1,logistics,Logistics,Warehousing,1529335.23,zh
購置 射出成型機 (industrial grade),2,equipment,IT Infrastructure,Hardware,7903595.0,zh
採購 9632 個 電阻用於組裝,1,raw_materials,Electronics,Electronic Components,6331112.8,zh
載貨車輛採購 (industrial grade),2,equipment,Transportation,Vehicle,25324840.62,zh
採購 7313 個 電容用於組裝,1,raw_materials,Electronics,Electronic Components,3354427.29,zh
購買工業用 氫氧化鈉 4672 liters,1,raw_materials,Manufacturing,Chemical,376467.14,zh
區域辦公室大樓管理服務 (18 個月),1,services,Facility Management,Maintenance,231443.47,zh
聘請 財務顧問 (31 個月),1,services,Professional Services,Consulting,1551796.13,zh
建造 製造廠 (6598 平方公尺),2,equipment,Real Estate,Building,270151746.26,zh
採購 7702 tons 小麥作為食品原料,1,raw_materials,Food & Beverage,Agricultural,710432.57,zh
堆高機採購 (industrial grade),2,equipment,Transportation,Vehicle,11848815.96,zh
車隊採購 - 8574 輛 堆高機,2,equipment,Transportation,Vehicle,20965369.63,zh
採購 甲苯 溶劑 2755 liters,1,raw_materials,Manufacturing,Chemical,28666.76,zh
購買 PCB 電路板 元件 5791 個,1,raw_materials,Electronics,Electronic Components,2257263.92,zh
採購 氫氧化鈉 溶劑 3939 liters,1,raw_materials,Manufacturing,Chemical,1719915.43,zh
總部大樓管理服務 (32 個月),1,services,Facility Management,Maintenance,1400535.9,zh
財務運輸服務 - 區域,1,logistics,Logistics,Freight,1927416.07,zh
electronics自動化組裝線,2,equipment,Manufacturing,Production Line,92916332.9,zh
再生能源設施建設 (5105 MW),2,equipment,Energy,Power Generation,29141859.03,zh
採購 射出成型機用於生產設施,2,equipment,Manufacturing,Machinery,10098233.46,zh
區域辦公室第三方倉儲 - 7593 坪,1,logistics,Logistics,Warehousing,601349.31,zh
法律運輸服務 - 東西,1,logistics,Logistics,Freight,883925.55,zh
新建 製造廠開發專案,2,equipment,Real Estate,Building,307042338.12,zh
倉儲服務 (701 平方公尺，annual),1,logistics,Logistics,Warehousing,514570.66,zh
Security軟體訂閱 (2009 授權，annual),1,services,IT Services,Software,691767.74,zh
electronics自動化組裝線,2,equipment,Manufacturing,Production Line,86080792.22,zh
區域辦公室大樓管理服務 (22 個月),1,services,Facility Management,Maintenance,962160.73,zh
採購 870 個 電阻用於組裝,1,raw_materials,Electronics,Electronic Components,2579524.1,zh
太陽能板安裝 (容量 6027 kW),2,equipment,Energy,Power Generation,171333743.46,zh
Security軟體訂閱 (7710 授權，quarterly),1,services,IT Services,Software,46330.16,zh
法律諮詢服務 (quarterly),1,services,Professional Services,Consulting,1948679.68,zh
購置 輸送系統 (industrial grade),2,equipment,IT Infrastructure,Hardware,2612516.36,zh
採購 275 個 電容用於組裝,1,raw_materials,Electronics,Electronic Components,7732568.51,zh
採購 9217 個 PCB 電路板用於組裝,1,raw_materials,Electronics,Electronic Components,7701737.17,zh
購買 鋁合金 6834 kg 供生產使用,1,raw_materials,Manufacturing,Metal,1720534.47,zh
物流服務合約 - 南北線 (6 months),1,logistics,Logistics,Freight,4710869.39,zh
倉儲服務 (7806 平方公尺，quarterly),1,logistics,Logistics,Warehousing,1961961.59,zh
採購 6949 kg 銅線用於製造,1,raw_materials,Manufacturing,Metal,4520603.57,zh
車隊採購 - 4849 輛 堆高機,2,equipment,Transportation,Vehicle,28334438.64,zh
建造 配送中心 (35158 平方公尺),2,equipment,Real Estate,Building,270647468.16,zh
配送中心建築合約 (倉庫),2,equipment,Real Estate,Building,297078809.39,zh
CRM SaaS 訂閱 (6819 使用者),1,services,IT Services,Software,479867.0,zh
CRM SaaS 訂閱 (5395 使用者),1,services,IT Services,Software,543918.63,zh
倉庫第三方倉儲 - 6578 坪,1,logistics,Logistics,Warehousing,142386.59,zh
物流服務合約 - 區域線 (quarterly),1,logistics,Logistics,Freight,3059451.89,zh
鋁合金原料採購 - 5639 kg,1,raw_materials,Manufacturing,Metal,694275.18,zh
購買 微晶片 元件 6528 個,1,raw_materials,Electronics,Electronic Components,4998978.2,zh
購置 射出成型機 - industrial grade,2,equipment,Manufacturing,Machinery,28718680.07,zh
太陽能板安裝 (容量 9840 kW),2,equipment,Energy,Power Generation,144089784.76,zh
新建 製造廠開發專案,2,equipment,Real Estate,Building,374220775.7,zh
建造 配送中心 (31936 平方公尺),2,equipment,Real Estate,Building,22770854.21,zh
購買工業用 丙酮 4133 liters,1,raw_materials,Manufacturing,Chemical,672798.77,zh
Collaboration軟體訂閱 (8500 授權，annual),1,services,IT Services,Software,195280.92,zh
倉庫大樓管理服務 (6 個月),1,services,Facility Management,Maintenance,279251.82,zh
購買有機 大豆 3536 tons,1,raw_materials,Food & Beverage,Agricultural,2711750.52,zh
採購 8634 台 射出成型機用於資料中心,2,equipment,IT Infrastructure,Hardware,9999770.89,zh
採購 乙醇 溶劑 8818 liters,1,raw_materials,Manufacturing,Chemical,1863853.3,zh
總部第三方倉儲 - 9312 坪,1,logistics,Logistics,Warehousing,980950.99,zh
購買 鋁合金 2783 kg 供生產使用,1,raw_materials,Manufacturing,Metal,4745215.17,zh
辦公場所清潔維護合約,1,services,Facility Management,Maintenance,705061.1,zh
購置 輸送系統 - industrial grade,2,equipment,Manufacturing,Machinery,22959323.46,zh
購置 射出成型機 - industrial grade,2,equipment,Manufacturing,Machinery,911696.97,zh
IT專業服務合約,1,services,Professional Services,Consulting,958807.47,zh
法律諮詢服務 (quarterly),1,services,Professional Services,Consulting,1033298.28,zh
採購 9630 tons 大豆作為食品原料,1,raw_materials,Food & Beverage,Agricultural,489852.7,zh
聘請 法律顧問 (31 個月),1,services,Professional Services,Consulting,1182879.68,zh
倉庫大樓管理服務 (26 個月),1,services,Facility Management,Maintenance,1462240.68,zh
採購 823 kg 鋼板用於製造,1,raw_materials,Manufacturing,Metal,1716145.14,zh
electronics製造產線 (產能 4364 件/日),2,equipment,Manufacturing,Production Line,86018497.59,zh
購置 射出成型機 - industrial grade,2,equipment,Manufacturing,Machinery,31175663.24,zh
完整 consumer goods生產線安裝,2,equipment,Manufacturing,Production Line,15796684.14,zh
購置 機械手臂 - industrial grade,2,equipment,Manufacturing,Machinery,43409142.1,zh
購買 965 輛 貨車用於物流運營,2,equipment,Transportation,Vehicle,6332244.06,zh
倉儲服務 (8956 平方公尺，annual),1,logistics,Logistics,Warehousing,856308.13,zh
工業用 CNC 機床 (6560 台) 含安裝,2,equipment,Manufacturing,Machinery,4384631.1,zh
財務專業服務合約,1,services,Professional Services,Consulting,461499.13,zh
新建 配送中心開發專案,2,equipment,Real Estate,Building,458796018.43,zh
聘請 財務顧問 (24 個月),1,services,Professional Services,Consulting,1332323.21,zh
electronics製造產線 (產能 5445 件/日),2,equipment,Manufacturing,Production Line,19764002.38,zh
購買工業用 甲苯 8457 liters,1,raw_materials,Manufacturing,Chemical,1650571.06,zh
銅線原料採購 - 1353 kg,1,raw_materials,Manufacturing,Metal,56484.13,zh
冷凍倉儲租賃 (2817 立方公尺),1,logistics,Logistics,Warehousing,2931289.9,zh
法律運輸服務 - 市區,1,logistics,Logistics,Freight,1625161.49,zh
太陽能板安裝 (容量 4995 kW),2,equipment,Energy,Power Generation,35969990.21,zh
electronics製造產線 (產能 2293 件/日),2,equipment,Manufacturing,Production Line,72369139.53,zh
購買工業用 甲苯 7292 liters,1,raw_materials,Manufacturing,Chemical,1609986.41,zh
再生能源設施建設 (8001 MW),2,equipment,Energy,Power Generation,58212524.77,zh
購買有機 糖 3529 tons,1,raw_materials,Food & Beverage,Agricultural,2793658.54,zh
採購 5182 個 電容用於組裝,1,raw_materials,Electronics,Electronic Components,3820295.3,zh
車隊採購 - 4342 輛 載貨車輛,2,equipment,Transportation,Vehicle,10377783.43,zh
倉庫建築合約 (工廠),2,equipment,Real Estate,Building,162365155.95,zh
永續專業服務合約,1,services,Professional Services,Consulting,401695.7,zh
設施維護服務 (6 months),1,services,Facility Management,Maintenance,154649.44,zh
採購 輸送系統用於生產設施,2,equipment,Manufacturing,Machinery,17483274.78,zh
購買工業用 丙酮 5964 liters,1,raw_materials,Manufacturing,Chemical,1201643.52,zh
再生能源設施建設 (4065 MW),2,equipment,Energy,Power Generation,184277061.52,zh
購買工業用 甲苯 1321 liters,1,raw_materials,Manufacturing,Chemical,1807652.62,zh
管理專業服務合約,1,services,Professional Services,Consulting,1034035.43,zh
倉儲服務 (8299 平方公尺，12 months),1,logistics,Logistics,Warehousing,1572414.04,zh
購買 4918 輛 電動廂型車用於物流運營,2,equipment,Transportation,Vehicle,12326760.72,zh
東西區域配送月度運輸服務,1,logistics,Logistics,Freight,2470445.33,zh
聘請 永續顧問 (23 個月),1,services,Professional Services,Consulting,889709.9,zh
完整 consumer goods生產線安裝,2,equipment,Manufacturing,Production Line,7102434.13,zh
採購 機械手臂用於生產設施,2,equipment,Manufacturing,Machinery,48228804.6,zh
包裝機發電系統 - 5253 MW,2,equipment,Energy,Power Generation,39953760.65,zh
車隊採購 - 8801 輛 堆高機,2,equipment,Transportation,Vehicle,23086144.63,zh
倉儲服務 (709 平方公尺，12 months),1,logistics,Logistics,Warehousing,2726288.08,zh
購買 9118 輛 電動廂型車用於物流運營,2,equipment,Transportation,Vehicle,20839529.65,zh
再生能源設施建設 (129 MW),2,equipment,Energy,Power Generation,129010414.24,zh
聘請 管理顧問 (33 個月),1,services,Professional Services,Consulting,247491.96,zh
購買 7607 輛 載貨車輛用於物流運營,2,equipment,Transportation,Vehicle,24663721.14,zh
automotive parts自動化組裝線,2,equipment,Manufacturing,Production Line,12174045.97,zh
採購 4762 個 PCB 電路板用於組裝,1,raw_materials,Electronics,Electronic Components,474111.38,zh
購置 機械手臂 - industrial grade,2,equipment,Manufacturing,Machinery,39393404.27,zh
採購 4570 個 電容用於組裝,1,raw_materials,Electronics,Electronic Components,2517531.82,zh
consumer goods自動化組裝線,2,equipment,Manufacturing,Production Line,74940323.38,zh
ERP SaaS 訂閱 (9098 使用者),1,services,IT Services,Software,419671.97,zh
建造 配送中心 (41833 平方公尺),2,equipment,Real Estate,Building,312739265.58,zh
倉庫建築合約 (區域辦公室),2,equipment,Real Estate,Building,461912356.69,zh
購買 3070 輛 電動廂型車用於物流運營,2,equipment,Transportation,Vehicle,3138012.2,zh
IT運輸服務 - 南北,1,logistics,Logistics,Freight,3041168.11,zh
購買工業用 氫氧化鈉 5459 liters,1,raw_materials,Manufacturing,Chemical,1230887.08,zh
consumer goods製造產線 (產能 1976 件/日),2,equipment,Manufacturing,Production Line,23841328.82,zh
採購 9964 kg 銅線用於製造,1,raw_materials,Manufacturing,Metal,2225257.05,zh
財務運輸服務 - 南北,1,logistics,Logistics,Freight,1986161.08,zh
雲端 財務服務 - quarterly合約,1,services,IT Services,Software,132379.25,zh
採購 包裝機用於生產設施,2,equipment,Manufacturing,Machinery,577434.63,zh
購買 電阻 元件 3260 個,1,raw_materials,Electronics,Electronic Components,2201785.19,zh
automotive parts製造產線 (產能 4806 件/日),2,equipment,Manufacturing,Production Line,88813272.45,zh
建造 倉庫 (20702 平方公尺),2,equipment,Real Estate,Building,443226003.71,zh
採購 9570 個 電阻用於組裝,1,raw_materials,Electronics,Electronic Components,1224178.6,zh
購買工業用 硫酸 1934 liters,1,raw_materials,Manufacturing,Chemical,1844126.96,zh
永續專業服務合約,1,services,Professional Services,Consulting,415413.98,zh
購買有機 玉米 5256 tons,1,raw_materials,Food & Beverage,Agricultural,344048.34,zh
建造 製造廠 (4265 平方公尺),2,equipment,Real Estate,Building,394140128.22,zh
工廠大樓管理服務 (6 個月),1,services,Facility Management,Maintenance,968140.27,zh
再生能源設施建設 (4989 MW),2,equipment,Energy,Power Generation,183943218.4,zh
太陽能板安裝 (容量 285 kW),2,equipment,Energy,Power Generation,150705947.67,zh
再生能源設施建設 (9519 MW),2,equipment,Energy,Power Generation,129039404.09,zh
倉儲服務 (8847 平方公尺，annual),1,logistics,Logistics,Warehousing,1465681.53,zh
貨車採購 (industrial grade),2,equipment,Transportation,Vehicle,10745308.2,zh
物流服務合約 - 東西線 (6 months),1,logistics,Logistics,Freight,2153322.51,zh
CRM軟體訂閱 (7243 授權，quarterly),1,services,IT Services,Software,752437.28,zh
製造廠建築合約 (區域辦公室),2,equipment,Real Estate,Building,479034405.38,zh
分公司大樓管理服務 (27 個月),1,services,Facility Management,Maintenance,597237.62,zh
IT運輸服務 - 南北,1,logistics,Logistics,Freight,4806845.2,zh
新建 倉庫開發專案,2,equipment,Real Estate,Building,281724965.26,zh
聘請 法律顧問 (14 個月),1,services,Professional Services,Consulting,1567238.35,zh
Collaboration軟體訂閱 (7812 授權，annual),1,services,IT Services,Software,71776.26,zh
工業用 輸送系統 (1346 台) 含安裝,2,equipment,Manufacturing,Machinery,5989043.72,zh
採購 5289 台 輸送系統用於資料中心,2,equipment,IT Infrastructure,Hardware,5968972.74,zh
物流服務合約 - 東西線 (annual),1,logistics,Logistics,Freight,688843.05,zh
財務諮詢服務 (6 months),1,services,Professional Services,Consulting,353980.31,zh
Security SaaS 訂閱 (9250 使用者),1,services,IT Services,Software,164160.36,zh
採購 3097 tons 大豆作為食品原料,1,raw_materials,Food & Beverage,Agricultural,1573178.36,zh
雲端 財務服務 - quarterly合約,1,services,IT Services,Software,275292.31,zh
CNC 機床發電系統 - 149 MW,2,equipment,Energy,Power Generation,198842361.11,zh
採購 5988 tons 大豆作為食品原料,1,raw_materials,Food & Beverage,Agricultural,2126586.05,zh
購置 輸送系統 (industrial grade),2,equipment,IT Infrastructure,Hardware,2251947.21,zh
倉庫大樓管理服務 (25 個月),1,services,Facility Management,Maintenance,114145.07,zh
再生能源設施建設 (8859 MW),2,equipment,Energy,Power Generation,95743831.93,zh
採購 丙酮 溶劑 1637 liters,1,raw_materials,Manufacturing,Chemical,1428034.74,zh
採購 8199 tons 小麥作為食品原料,1,raw_materials,Food & Beverage,Agricultural,2777349.75,zh
購買工業用 丙酮 6662 liters,1,raw_materials,Manufacturing,Chemical,23853.09,zh
electronics製造產線 (產能 2631 件/日),2,equipment,Manufacturing,Production Line,47121393.18,zh
electronics自動化組裝線,2,equipment,Manufacturing,Production Line,10971810.33,zh
車隊採購 - 942 輛 貨車,2,equipment,Transportation,Vehicle,6296592.38,zh
新建 倉庫開發專案,2,equipment,Real Estate,Building,489212401.9,zh
跨境區域配送月度運輸服務,1,logistics,Logistics,Freight,3667556.51,zh
採購 1843 kg 不鏽鋼用於製造,1,raw_materials,Manufacturing,Metal,749346.58,zh
倉儲服務 (322 平方公尺，quarterly),1,logistics,Logistics,Warehousing,2900872.25,zh
購買 鋁合金 1139 kg 供生產使用,1,raw_materials,Manufacturing,Metal,3700484.17,zh
物流服務合約 - 市區線 (6 months),1,logistics,Logistics,Freight,4527817.27,zh
IT 基礎設施升級 - 機械手臂 (9894 台),2,equipment,IT Infrastructure,Hardware,504604.51,zh
倉儲服務 (4838 平方公尺，6 months),1,logistics,Logistics,Warehousing,2203248.34,zh
雲端 法律服務 - 6 months合約,1,services,IT Services,Software,418268.3,zh
購置 輸送系統 (industrial grade),2,equipment,IT Infrastructure,Hardware,7792494.8,zh
採購 4612 個 電阻用於組裝,1,raw_materials,Electronics,Electronic Components,6774343.15,zh
聘請 IT顧問 (21 個月),1,services,Professional Services,Consulting,1159907.15,zh
購買有機 大豆 7202 tons,1,raw_materials,Food & Beverage,Agricultural,723855.82,zh
倉庫第三方倉儲 - 9375 坪,1,logistics,Logistics,Warehousing,2346207.5,zh
倉庫第三方倉儲 - 9731 坪,1,logistics,Logistics,Warehousing,457789.93,zh
辦公場所清潔維護合約,1,services,Facility Management,Maintenance,1388294.16,zh
聘請 財務顧問 (28 個月),1,services,Professional Services,Consulting,375418.72,zh
鈦金屬原料採購 - 9395 kg,1,raw_materials,Manufacturing,Metal,1740582.52,zh
區域辦公室第三方倉儲 - 9583 坪,1,logistics,Logistics,Warehousing,2590756.3,zh
物流服務合約 - 區域線 (6 months),1,logistics,Logistics,Freight,4389836.63,zh
倉儲服務 (5001 平方公尺，12 months),1,logistics,Logistics,Warehousing,2077092.14,zh
採購 711 台 CNC 機床用於資料中心,2,equipment,IT Infrastructure,Hardware,5787569.49,zh
再生能源設施建設 (596 MW),2,equipment,Energy,Power Generation,17375686.02,zh
consumer goods製造產線 (產能 7514 件/日),2,equipment,Manufacturing,Production Line,40519584.24,zh
consumer goods自動化組裝線,2,equipment,Manufacturing,Production Line,81565899.21,zh
機械手臂發電系統 - 1563 MW,2,equipment,Energy,Power Generation,60928070.97,zh
市區區域配送月度運輸服務,1,logistics,Logistics,Freight,4944413.05,zh
鋁合金原料採購 - 9502 kg,1,raw_materials,Manufacturing,Metal,4564468.46,zh
倉儲服務 (3371 平方公尺，annual),1,logistics,Logistics,Warehousing,2794240.71,zh
購買 5410 輛 堆高機用於物流運營,2,equipment,Transportation,Vehicle,15473597.76,zh
購買 751 輛 載貨車輛用於物流運營,2,equipment,Transportation,Vehicle,24899090.48,zh
購置 輸送系統 - industrial grade,2,equipment,Manufacturing,Machinery,22117233.09,zh
採購 8876 台 包裝機用於資料中心,2,equipment,IT Infrastructure,Hardware,3018858.81,zh
鋁合金原料採購 - 155 kg,1,raw_materials,Manufacturing,Metal,2300400.11,zh
IT運輸服務 - 東西,1,logistics,Logistics,Freight,4769735.13,zh
建造 配送中心 (12753 平方公尺),2,equipment,Real Estate,Building,139477401.7,zh
購置 射出成型機 (industrial grade),2,equipment,IT Infrastructure,Hardware,8172386.88,zh
IT 基礎設施升級 - 機械手臂 (9242 台),2,equipment,IT Infrastructure,Hardware,2556627.5,zh
工業用 輸送系統 (5268 台) 含安裝,2,equipment,Manufacturing,Machinery,44964939.64,zh
倉庫第三方倉儲 - 7766 坪,1,logistics,Logistics,Warehousing,1224129.41,zh
完整 electronics生產線安裝,2,equipment,Manufacturing,Production Line,41869419.54,zh
車隊採購 - 7302 輛 堆高機,2,equipment,Transportation,Vehicle,15655667.76,zh
辦公場所清潔維護合約,1,services,Facility Management,Maintenance,977945.43,zh
IT 基礎設施升級 - 輸送系統 (1970 台),2,equipment,IT Infrastructure,Hardware,1095735.21,zh
採購 丙酮 溶劑 4770 liters,1,raw_materials,Manufacturing,Chemical,352697.62,zh
採購 5319 kg 鈦金屬用於製造,1,raw_materials,Manufacturing,Metal,1887880.62,zh
採購 機械手臂用於生產設施,2,equipment,Manufacturing,Machinery,3825129.83,zh
購買 微晶片 元件 3456 個,1,raw_materials,Electronics,Electronic Components,3387592.51,zh
採購 7590 kg 鋁合金用於製造,1,raw_materials,Manufacturing,Metal,4836809.57,zh
冷凍倉儲租賃 (5241 立方公尺),1,logistics,Logistics,Warehousing,755037.86,zh
新建 倉庫開發專案,2,equipment,Real Estate,Building,99101530.01,zh
購買工業用 甲苯 1877 liters,1,raw_materials,Manufacturing,Chemical,1821161.47,zh
載貨車輛採購 (industrial grade),2,equipment,Transportation,Vehicle,911414.71,zh
管理專業服務合約,1,services,Professional Services,Consulting,1827155.76,zh
採購 68 台 包裝機用於資料中心,2,equipment,IT Infrastructure,Hardware,9058500.0,zh
購買有機 玉米 9284 tons,1,raw_materials,Food & Beverage,Agricultural,2343948.05,zh
IT 基礎設施升級 - 機械手臂 (2601 台),2,equipment,IT Infrastructure,Hardware,2296495.73,zh
再生能源設施建設 (4009 MW),2,equipment,Energy,Power Generation,149113621.28,zh
雲端 財務服務 - 12 months合約,1,services,IT Services,Software,238848.68,zh
機械手臂發電系統 - 3718 MW,2,equipment,Energy,Power Generation,152198053.09,zh
建造 倉庫 (610 平方公尺),2,equipment,Real Estate,Building,163818666.08,zh
法律專業服務合約,1,services,Professional Services,Consulting,203030.92,zh
工廠第三方倉儲 - 1316 坪,1,logistics,Logistics,Warehousing,157785.2,zh
Collaboration軟體訂閱 (4723 授權，6 months),1,services,IT Services,Software,869662.46,zh
購置 機械手臂 (industrial grade),2,equipment,IT Infrastructure,Hardware,8549587.51,zh
車隊採購 - 5223 輛 堆高機,2,equipment,Transportation,Vehicle,16157771.73,zh
購買有機 玉米 6658 tons,1,raw_materials,Food & Beverage,Agricultural,454455.56,zh
雲端 財務服務 - quarterly合約,1,services,IT Services,Software,557988.95,zh
完整 electronics生產線安裝,2,equipment,Manufacturing,Production Line,73512384.79,zh
倉儲服務 (2475 平方公尺，6 months),1,logistics,Logistics,Warehousing,2908830.67,zh
雲端 永續服務 - annual合約,1,services,IT Services,Software,42347.86,zh
購買工業用 氫氧化鈉 8823 liters,1,raw_materials,Manufacturing,Chemical,139770.75,zh
採購 6407 kg 鈦金屬用於製造,1,raw_materials,Manufacturing,Metal,1136975.74,zh
採購 9737 tons 大豆作為食品原料,1,raw_materials,Food & Beverage,Agricultural,1834729.66,zh
聘請 法律顧問 (20 個月),1,services,Professional Services,Consulting,283641.08,zh
automotive parts自動化組裝線,2,equipment,Manufacturing,Production Line,34986870.22,zh
配送中心建築合約 (分公司),2,equipment,Real Estate,Building,188857613.32,zh
倉儲服務 (2024 平方公尺，quarterly),1,logistics,Logistics,Warehousing,2149871.24,zh
購買有機 小麥 3080 tons,1,raw_materials,Food & Beverage,Agricultural,654690.52,zh
CRM軟體訂閱 (3993 授權，12 months),1,services,IT Services,Software,315587.67,zh
採購 1930 tons 小麥作為食品原料,1,raw_materials,Food & Beverage,Agricultural,1557840.81,zh
採購 7806 台 射出成型機用於資料中心,2,equipment,IT Infrastructure,Hardware,6592034.7,zh
consumer goods自動化組裝線,2,equipment,Manufacturing,Production Line,62629628.28,zh
採購 輸送系統用於生產設施,2,equipment,Manufacturing,Machinery,41352894.04,zh
物流服務合約 - 跨境線 (12 months),1,logistics,Logistics,Freight,2451529.8,zh
太陽能板安裝 (容量 1156 kW),2,equipment,Energy,Power Generation,36093874.12,zh
輸送系統發電系統 - 2539 MW,2,equipment,Energy,Power Generation,76491161.94,zh
採購 6327 個 LED 模組用於組裝,1,raw_materials,Electronics,Electronic Components,1597231.05,zh
車隊採購 - 2942 輛 堆高機,2,equipment,Transportation,Vehicle,27136677.47,zh
購買工業用 硫酸 6186 liters,1,raw_materials,Manufacturing,Chemical,1490512.42,zh
建造 製造廠 (17165 平方公尺),2,equipment,Real Estate,Building,283170829.24,zh
辦公場所清潔維護合約,1,services,Facility Management,Maintenance,1448031.65,zh
automotive parts製造產線 (產能 6861 件/日),2,equipment,Manufacturing,Production Line,66437055.9,zh
物流服務合約 - 南北線 (12 months),1,logistics,Logistics,Freight,2545197.73,zh
採購 5602 個 PCB 電路板用於組裝,1,raw_materials,Electronics,Electronic Components,1579432.92,zh
貨車採購 (industrial grade),2,equipment,Transportation,Vehicle,6961935.7,zh
設施維護服務 (quarterly),1,services,Facility Management,Maintenance,796038.8,zh
Collaboration軟體訂閱 (9901 授權，6 months),1,services,IT Services,Software,530597.94,zh
鋼板原料採購 - 2506 kg,1,raw_materials,Manufacturing,Metal,2897636.82,zh
購買 微晶片 元件 7893 個,1,raw_materials,Electronics,Electronic Components,6099005.45,zh
採購 4100 tons 稻米作為食品原料,1,raw_materials,Food & Beverage,Agricultural,1903814.27,zh
electronics自動化組裝線,2,equipment,Manufacturing,Production Line,83071246.43,zh
consumer goods自動化組裝線,2,equipment,Manufacturing,Production Line,23944353.87,zh
建造 配送中心 (31893 平方公尺),2,equipment,Real Estate,Building,443479732.95,zh
完整 electronics生產線安裝,2,equipment,Manufacturing,Production Line,32701533.61,zh
倉庫建築合約 (分公司),2,equipment,Real Estate,Building,191709211.76,zh
再生能源設施建設 (3712 MW),2,equipment,Energy,Power Generation,60021084.85,zh
Analytics SaaS 訂閱 (2283 使用者),1,services,IT Services,Software,308139.68,zh
購買工業用 丙酮 9732 liters,1,raw_materials,Manufacturing,Chemical,1982372.1,zh
雲端 財務服務 - quarterly合約,1,services,IT Services,Software,641162.74,zh
IT 基礎設施升級 - 機械手臂 (9884 台),2,equipment,IT Infrastructure,Hardware,3891457.2,zh
辦公場所清潔維護合約,1,services,Facility Management,Maintenance,1479782.03,zh
購置 射出成型機 - industrial grade,2,equipment,Manufacturing,Machinery,41373862.62,zh
管理諮詢服務 (annual),1,services,Professional Services,Consulting,212416.6,zh
購買工業用 甲苯 7020 liters,1,raw_materials,Manufacturing,Chemical,606189.87,zh
購置 輸送系統 - industrial grade,2,equipment,Manufacturing,Machinery,49621218.72,zh
法律諮詢服務 (annual),1,services,Professional Services,Consulting,816159.32,zh
採購 9409 個 LED 模組用於組裝,1,raw_materials,Electronics,Electronic Components,1935484.27,zh
consumer goods自動化組裝線,2,equipment,Manufacturing,Production Line,49984287.94,zh
市區區域配送月度運輸服務,1,logistics,Logistics,Freight,4003521.26,zh
採購 輸送系統用於生產設施,2,equipment,Manufacturing,Machinery,25991516.64,zh
IT 基礎設施升級 - CNC 機床 (3984 台),2,equipment,IT Infrastructure,Hardware,3594952.24,zh
購買 PCB 電路板 元件 6045 個,1,raw_materials,Electronics,Electronic Components,4417399.76,zh
辦公場所清潔維護合約,1,services,Facility Management,Maintenance,423579.09,zh
配送中心建築合約 (工廠),2,equipment,Real Estate,Building,483676448.97,zh
雲端 法律服務 - annual合約,1,services,IT Services,Software,821148.27,zh
採購 8834 台 CNC 機床用於資料中心,2,equipment,IT Infrastructure,Hardware,2754039.95,zh
購買工業用 氫氧化鈉 2060 liters,1,raw_materials,Manufacturing,Chemical,1285572.21,zh
貨車採購 (industrial grade),2,equipment,Transportation,Vehicle,9863909.24,zh
永續專業服務合約,1,services,Professional Services,Consulting,53078.23,zh
堆高機採購 (industrial grade),2,equipment,Transportation,Vehicle,16292259.65,zh
完整 automotive parts生產線安裝,2,equipment,Manufacturing,Production Line,90959655.44,zh
購買 銅線 1116 kg 供生產使用,1,raw_materials,Manufacturing,Metal,2397870.55,zh
購買 9266 輛 載貨車輛用於物流運營,2,equipment,Transportation,Vehicle,1075945.04,zh
太陽能板安裝 (容量 4276 kW),2,equipment,Energy,Power Generation,149684026.93,zh
物流服務合約 - 跨境線 (12 months),1,logistics,Logistics,Freight,1310123.93,zh
不鏽鋼原料採購 - 5925 kg,1,raw_materials,Manufacturing,Metal,447117.17,zh
採購 6193 kg 不鏽鋼用於製造,1,raw_materials,Manufacturing,Metal,270493.69,zh
採購 乙醇 溶劑 4344 liters,1,raw_materials,Manufacturing,Chemical,1649359.4,zh
管理運輸服務 - 跨境,1,logistics,Logistics,Freight,4903995.45,zh
建造 辦公大樓 (3940 平方公尺),2,equipment,Real Estate,Building,489176248.8,zh
automotive parts製造產線 (產能 9830 件/日),2,equipment,Manufacturing,Production Line,39714183.97,zh
倉儲服務 (369 平方公尺，6 months),1,logistics,Logistics,Warehousing,422308.23,zh
設施維護服務 (6 months),1,services,Facility Management,Maintenance,811942.4,zh
辦公場所清潔維護合約,1,services,Facility Management,Maintenance,699461.77,zh
車隊採購 - 5914 輛 堆高機,2,equipment,Transportation,Vehicle,5985443.87,zh
購買工業用 丙酮 622 liters,1,raw_materials,Manufacturing,Chemical,763606.26,zh
管理運輸服務 - 跨境,1,logistics,Logistics,Freight,3766902.09,zh
購置 射出成型機 (industrial grade),2,equipment,IT Infrastructure,Hardware,5171686.86,zh
採購 6304 tons 玉米作為食品原料,1,raw_materials,Food & Beverage,Agricultural,2161459.19,zh
跨境區域配送月度運輸服務,1,logistics,Logistics,Freight,915848.36,zh
辦公場所清潔維護合約,1,services,Facility Management,Maintenance,1281406.31,zh
購置 機械手臂 - industrial grade,2,equipment,Manufacturing,Machinery,17881733.39,zh
設施維護服務 (quarterly),1,services,Facility Management,Maintenance,668345.62,zh
物流服務合約 - 南北線 (quarterly),1,logistics,Logistics,Freight,3489597.01,zh
採購 甲苯 溶劑 4263 liters,1,raw_materials,Manufacturing,Chemical,867933.6,zh
法律專業服務合約,1,services,Professional Services,Consulting,1833745.29,zh
鋼板原料採購 - 8148 kg,1,raw_materials,Manufacturing,Metal,2902073.29,zh
採購 丙酮 溶劑 9998 liters,1,raw_materials,Manufacturing,Chemical,1295950.48,zh
購買 鋁合金 4669 kg 供生產使用,1,raw_materials,Manufacturing,Metal,1592776.41,zh
採購 4282 個 電容用於組裝,1,raw_materials,Electronics,Electronic Components,959025.41,zh
太陽能板安裝 (容量 1137 kW),2,equipment,Energy,Power Generation,66552207.86,zh
物流服務合約 - 跨境線 (annual),1,logistics,Logistics,Freight,4612278.07,zh
consumer goods製造產線 (產能 539 件/日),2,equipment,Manufacturing,Production Line,10184067.45,zh
建造 倉庫 (48838 平方公尺),2,equipment,Real Estate,Building,184852208.95,zh
倉儲服務 (7683 平方公尺，6 months),1,logistics,Logistics,Warehousing,383912.38,zh
購置 輸送系統 (industrial grade),2,equipment,IT Infrastructure,Hardware,6243354.16,zh
購買 不鏽鋼 4355 kg 供生產使用,1,raw_materials,Manufacturing,Metal,260210.26,zh
採購 9022 個 電容用於組裝,1,raw_materials,Electronics,Electronic Components,1245833.73,zh
聘請 管理顧問 (26 個月),1,services,Professional Services,Consulting,1184033.39,zh
總部大樓管理服務 (36 個月),1,services,Facility Management,Maintenance,1268384.85,zh
購買 PCB 電路板 元件 6379 個,1,raw_materials,Electronics,Electronic Components,6459723.09,zh
購買 電阻 元件 6043 個,1,raw_materials,Electronics,Electronic Components,6075049.29,zh
完整 automotive parts生產線安裝,2,equipment,Manufacturing,Production Line,23648682.35,zh
購買工業用 丙酮 8313 liters,1,raw_materials,Manufacturing,Chemical,1836471.98,zh
完整 electronics生產線安裝,2,equipment,Manufacturing,Production Line,14585187.74,zh
採購 4385 kg 鋁合金用於製造,1,raw_materials,Manufacturing,Metal,4961363.13,zh
電動廂型車採購 (industrial grade),2,equipment,Transportation,Vehicle,22435588.13,zh
採購 2379 tons 稻米作為食品原料,1,raw_materials,Food & Beverage,Agricultural,44525.63,zh
車隊採購 - 6505 輛 堆高機,2,equipment,Transportation,Vehicle,9176878.4,zh
建造 倉庫 (8146 平方公尺),2,equipment,Real Estate,Building,444757061.18,zh
購置 輸送系統 - industrial grade,2,equipment,Manufacturing,Machinery,42441277.89,zh
CRM SaaS 訂閱 (891 使用者),1,services,IT Services,Software,740217.3,zh
consumer goods製造產線 (產能 7779 件/日),2,equipment,Manufacturing,Production Line,8786774.5,zh
市區區域配送月度運輸服務,1,logistics,Logistics,Freight,1602937.85,zh
電動廂型車採購 (industrial grade),2,equipment,Transportation,Vehicle,12442921.38,zh
IT運輸服務 - 東西,1,logistics,Logistics,Freight,109217.79,zh
雲端 永續服務 - 6 months合約,1,services,IT Services,Software,186230.69,zh
IT 基礎設施升級 - 輸送系統 (5405 台),2,equipment,IT Infrastructure,Hardware,9343693.47,zh
建造 配送中心 (46923 平方公尺),2,equipment,Real Estate,Building,158387994.83,zh
完整 consumer goods生產線安裝,2,equipment,Manufacturing,Production Line,94482705.28,zh
採購 2588 tons 玉米作為食品原料,1,raw_materials,Food & Beverage,Agricultural,737061.56,zh
購買有機 糖 7992 tons,1,raw_materials,Food & Beverage,Agricultural,539703.2,zh
購買有機 大豆 9182 tons,1,raw_materials,Food & Beverage,Agricultural,1171396.65,zh
分公司第三方倉儲 - 4603 坪,1,logistics,Logistics,Warehousing,2302517.1,zh
consumer goods自動化組裝線,2,equipment,Manufacturing,Production Line,83798775.05,zh
IT運輸服務 - 東西,1,logistics,Logistics,Freight,2215625.42,zh
貨車採購 (industrial grade),2,equipment,Transportation,Vehicle,19824077.09,zh
購買 LED 模組 元件 1390 個,1,raw_materials,Electronics,Electronic Components,237711.43,zh
consumer goods製造產線 (產能 578 件/日),2,equipment,Manufacturing,Production Line,25405629.98,zh
倉庫建築合約 (區域辦公室),2,equipment,Real Estate,Building,77147823.05,zh
購買 電阻 元件 8057 個,1,raw_materials,Electronics,Electronic Components,5698795.7,zh
雲端 IT服務 - quarterly合約,1,services,IT Services,Software,29548.92,zh
Analytics軟體訂閱 (7151 授權，6 months),1,services,IT Services,Software,342532.42,zh
鋁合金原料採購 - 3267 kg,1,raw_materials,Manufacturing,Metal,472801.76,zh
購買 2804 輛 電動廂型車用於物流運營,2,equipment,Transportation,Vehicle,18045402.94,zh
製造廠建築合約 (分公司),2,equipment,Real Estate,Building,492353268.41,zh
管理運輸服務 - 市區,1,logistics,Logistics,Freight,2422559.76,zh
購買 PCB 電路板 元件 3470 個,1,raw_materials,Electronics,Electronic Components,6669333.31,zh
總部第三方倉儲 - 1725 坪,1,logistics,Logistics,Warehousing,507516.63,zh
聘請 管理顧問 (21 個月),1,services,Professional Services,Consulting,438753.33,zh
購置 CNC 機床 - industrial grade,2,equipment,Manufacturing,Machinery,49907081.99,zh
購買 微晶片 元件 3502 個,1,raw_materials,Electronics,Electronic Components,254690.45,zh
設施維護服務 (quarterly),1,services,Facility Management,Maintenance,542848.88,zh
購買工業用 氫氧化鈉 6130 liters,1,raw_materials,Manufacturing,Chemical,1246617.89,zh
Analytics SaaS 訂閱 (2780 使用者),1,services,IT Services,Software,619639.78,zh
採購 2972 tons 大豆作為食品原料,1,raw_materials,Food & Beverage,Agricultural,2712691.22,zh
設施維護服務 (6 months),1,services,Facility Management,Maintenance,190064.84,zh
採購 54 台 包裝機用於資料中心,2,equipment,IT Infrastructure,Hardware,2465370.81,zh
購買工業用 丙酮 6270 liters,1,raw_materials,Manufacturing,Chemical,1974761.92,zh
採購 3188 kg 鋁合金用於製造,1,raw_materials,Manufacturing,Metal,289551.2,zh
載貨車輛採購 (industrial grade),2,equipment,Transportation,Vehicle,17096130.2,zh
辦公場所清潔維護合約,1,services,Facility Management,Maintenance,173232.42,zh
採購 7270 個 PCB 電路板用於組裝,1,raw_materials,Electronics,Electronic Components,1329627.41,zh
辦公場所清潔維護合約,1,services,Facility Management,Maintenance,1477059.81,zh
鋼板原料採購 - 726 kg,1,raw_materials,Manufacturing,Metal,2407322.9,zh
南北區域配送月度運輸服務,1,logistics,Logistics,Freight,598004.13,zh
辦公場所清潔維護合約,1,services,Facility Management,Maintenance,808830.28,zh
Collaboration軟體訂閱 (1364 授權，6 months),1,services,IT Services,Software,122078.89,zh
太陽能板安裝 (容量 1206 kW),2,equipment,Energy,Power Generation,86444321.33,zh
再生能源設施建設 (236 MW),2,equipment,Energy,Power Generation,196019191.66,zh
購買 不鏽鋼 8179 kg 供生產使用,1,raw_materials,Manufacturing,Metal,1432334.2,zh
automotive parts自動化組裝線,2,equipment,Manufacturing,Production Line,44517665.71,zh
物流服務合約 - 市區線 (quarterly),1,logistics,Logistics,Freight,3329221.52,zh
辦公大樓建築合約 (工廠),2,equipment,Real Estate,Building,206763015.07,zh
購買 鈦金屬 8484 kg 供生產使用,1,raw_materials,Manufacturing,Metal,2412182.52,zh
購置 機械手臂 - industrial grade,2,equipment,Manufacturing,Machinery,11282581.78,zh
購買工業用 氫氧化鈉 3542 liters,1,raw_materials,Manufacturing,Chemical,1063076.87,zh
辦公場所清潔維護合約,1,services,Facility Management,Maintenance,1206754.07,zh
貨車採購 (industrial grade),2,equipment,Transportation,Vehicle,17344542.67,zh
採購 3583 tons 大豆作為食品原料,1,raw_materials,Food & Beverage,Agricultural,2835629.08,zh
完整 electronics生產線安裝,2,equipment,Manufacturing,Production Line,76157304.8,zh
總部第三方倉儲 - 1401 坪,1,logistics,Logistics,Warehousing,2554977.41,zh
倉庫建築合約 (工廠),2,equipment,Real Estate,Building,288212798.99,zh
太陽能板安裝 (容量 1329 kW),2,equipment,Energy,Power Generation,59756663.25,zh
工廠大樓管理服務 (32 個月),1,services,Facility Management,Maintenance,624623.39,zh
完整 consumer goods生產線安裝,2,equipment,Manufacturing,Production Line,86842016.43,zh
設施維護服務 (12 months),1,services,Facility Management,Maintenance,383020.4,zh
東西區域配送月度運輸服務,1,logistics,Logistics,Freight,1886708.63,zh
設施維護服務 (annual),1,services,Facility Management,Maintenance,1332100.79,zh
採購 2943 個 LED 模組用於組裝,1,raw_materials,Electronics,Electronic Components,4229837.81,zh
新建 配送中心開發專案,2,equipment,Real Estate,Building,310912223.11,zh
工業用 機械手臂 (8462 台) 含安裝,2,equipment,Manufacturing,Machinery,46558360.39,zh
採購 8539 個 微晶片用於組裝,1,raw_materials,Electronics,Electronic Components,1759285.61,zh
IT專業服務合約,1,services,Professional Services,Consulting,260786.47,zh
辦公場所清潔維護合約,1,services,Facility Management,Maintenance,620289.05,zh
雲端 永續服務 - annual合約,1,services,IT Services,Software,515545.07,zh
總部第三方倉儲 - 1609 坪,1,logistics,Logistics,Warehousing,535742.9,zh
冷凍倉儲租賃 (4524 立方公尺),1,logistics,Logistics,Warehousing,1042903.57,zh
consumer goods製造產線 (產能 6199 件/日),2,equipment,Manufacturing,Production Line,30645165.16,zh
管理諮詢服務 (6 months),1,services,Professional Services,Consulting,339231.4,zh
不鏽鋼原料採購 - 2959 kg,1,raw_materials,Manufacturing,Metal,4315027.99,zh
完整 electronics生產線安裝,2,equipment,Manufacturing,Production Line,70020730.63,zh
法律運輸服務 - 東西,1,logistics,Logistics,Freight,530040.93,zh
採購 丙酮 溶劑 9098 liters,1,raw_materials,Manufacturing,Chemical,1922897.46,zh
購買 PCB 電路板 元件 3181 個,1,raw_materials,Electronics,Electronic Components,6451257.49,zh
automotive parts自動化組裝線,2,equipment,Manufacturing,Production Line,74113266.02,zh
倉庫第三方倉儲 - 7684 坪,1,logistics,Logistics,Warehousing,1525283.83,zh
車隊採購 - 4071 輛 貨車,2,equipment,Transportation,Vehicle,2768089.58,zh
分公司第三方倉儲 - 9008 坪,1,logistics,Logistics,Warehousing,199347.77,zh
工業用 機械手臂 (7072 台) 含安裝,2,equipment,Manufacturing,Machinery,9915340.97,zh
輸送系統發電系統 - 6349 MW,2,equipment,Energy,Power Generation,167904514.17,zh
採購 1043 tons 大豆作為食品原料,1,raw_materials,Food & Beverage,Agricultural,2261846.43,zh
雲端 管理服務 - annual合約,1,services,IT Services,Software,857876.42,zh
冷凍倉儲租賃 (1391 立方公尺),1,logistics,Logistics,Warehousing,1235176.65,zh
財務諮詢服務 (quarterly),1,services,Professional Services,Consulting,204407.1,zh
法律運輸服務 - 南北,1,logistics,Logistics,Freight,149900.77,zh
管理諮詢服務 (6 months),1,services,Professional Services,Consulting,1385461.45,zh
Collaboration軟體訂閱 (1004 授權，quarterly),1,services,IT Services,Software,353296.47,zh
冷凍倉儲租賃 (5814 立方公尺),1,logistics,Logistics,Warehousing,1447213.22,zh
採購 丙酮 溶劑 3481 liters,1,raw_materials,Manufacturing,Chemical,632587.68,zh
設施維護服務 (quarterly),1,services,Facility Management,Maintenance,1329678.01,zh
IT 基礎設施升級 - CNC 機床 (7448 台),2,equipment,IT Infrastructure,Hardware,899816.4,zh
辦公場所清潔維護合約,1,services,Facility Management,Maintenance,1038563.32,zh
購買有機 稻米 8345 tons,1,raw_materials,Food & Beverage,Agricultural,1838949.5,zh
採購 2217 tons 大豆作為食品原料,1,raw_materials,Food & Beverage,Agricultural,1352016.46,zh
太陽能板安裝 (容量 2946 kW),2,equipment,Energy,Power Generation,30994151.21,zh
購買有機 大豆 9860 tons,1,raw_materials,Food & Beverage,Agricultural,2717721.62,zh
永續諮詢服務 (quarterly),1,services,Professional Services,Consulting,1374850.69,zh
