Training ID,原始採購品名,標準品名,大類,子類,資料型態,主要材料,建議規格欄位,常用單位,Scope 3候選類別,排放係數匹配關鍵字,資料品質,訓練備註,適用產業
PI-0001,冷軋鋼板,冷軋鋼板,金屬原料,碳鋼/不鏽鋼/鋁材,原料,鋼/鋁/銅,牌號/尺寸/厚度/硬度/表面處理/包裝量（依品項填寫）,kg,範疇3 類別1,steel / stainless steel / aluminium / copper,中,可用於品名標準化、分類與排放係數候選匹配；不可直接當作活動數據。,金屬加工/機械/工程
PI-0002,冷軋鋼板 kg,冷軋鋼板,金屬原料,碳鋼/不鏽鋼/鋁材,原料,鋼/鋁/銅,牌號/尺寸/厚度/硬度/表面處理/包裝量（依品項填寫）,kg,範疇3 類別1,steel / stainless steel / aluminium / copper,中,可用於品名標準化、分類與排放係數候選匹配；不可直接當作活動數據。,金屬加工/機械/工程
PI-0003,冷軋鋼板 常用規格,冷軋鋼板,金屬原料,碳鋼/不鏽鋼/鋁材,原料,鋼/鋁/銅,牌號/尺寸/厚度/硬度/表面處理/包裝量（依品項填寫）,kg,範疇3 類別1,steel / stainless steel / aluminium / copper,中,可用於品名標準化、分類與排放係數候選匹配；不可直接當作活動數據。,金屬加工/機械/工程
PI-0004,冷軋鋼板-採購,冷軋鋼板,金屬原料,碳鋼/不鏽鋼/鋁材,原料,鋼/鋁/銅,牌號/尺寸/厚度/硬度/表面處理/包裝量（依品項填寫）,kg,範疇3 類別1,steel / stainless steel / aluminium / copper,中,可用於品名標準化、分類與排放係數候選匹配；不可直接當作活動數據。,金屬加工/機械/工程
PI-0005,熱軋鋼板,熱軋鋼板,金屬原料,碳鋼/不鏽鋼/鋁材,原料,鋼/鋁/銅,牌號/尺寸/厚度/硬度/表面處理/包裝量（依品項填寫）,kg,範疇3 類別1,steel / stainless steel / aluminium / copper,中,可用於品名標準化、分類與排放係數候選匹配；不可直接當作活動數據。,金屬加工/機械/工程
PI-0006,熱軋鋼板 kg,熱軋鋼板,金屬原料,碳鋼/不鏽鋼/鋁材,原料,鋼/鋁/銅,牌號/尺寸/厚度/硬度/表面處理/包裝量（依品項填寫）,kg,範疇3 類別1,steel / stainless steel / aluminium / copper,中,可用於品名標準化、分類與排放係數候選匹配；不可直接當作活動數據。,金屬加工/機械/工程
PI-0007,熱軋鋼板 常用規格,熱軋鋼板,金屬原料,碳鋼/不鏽鋼/鋁材,原料,鋼/鋁/銅,牌號/尺寸/厚度/硬度/表面處理/包裝量（依品項填寫）,kg,範疇3 類別1,steel / stainless steel / aluminium / copper,中,可用於品名標準化、分類與排放係數候選匹配；不可直接當作活動數據。,金屬加工/機械/工程
PI-0008,熱軋鋼板-採購,熱軋鋼板,金屬原料,碳鋼/不鏽鋼/鋁材,原料,鋼/鋁/銅,牌號/尺寸/厚度/硬度/表面處理/包裝量（依品項填寫）,kg,範疇3 類別1,steel / stainless steel / aluminium / copper,中,可用於品名標準化、分類與排放係數候選匹配；不可直接當作活動數據。,金屬加工/機械/工程
PI-0009,鍍鋅鋼板,鍍鋅鋼板,金屬原料,碳鋼/不鏽鋼/鋁材,原料,鋼/鋁/銅,牌號/尺寸/厚度/硬度/表面處理/包裝量（依品項填寫）,kg,範疇3 類別1,steel / stainless steel / aluminium / copper,中,可用於品名標準化、分類與排放係數候選匹配；不可直接當作活動數據。,金屬加工/機械/工程
PI-0010,鍍鋅鋼板 kg,鍍鋅鋼板,金屬原料,碳鋼/不鏽鋼/鋁材,原料,鋼/鋁/銅,牌號/尺寸/厚度/硬度/表面處理/包裝量（依品項填寫）,kg,範疇3 類別1,steel / stainless steel / aluminium / copper,中,可用於品名標準化、分類與排放係數候選匹配；不可直接當作活動數據。,金屬加工/機械/工程
PI-0011,鍍鋅鋼板 常用規格,鍍鋅鋼板,金屬原料,碳鋼/不鏽鋼/鋁材,原料,鋼/鋁/銅,牌號/尺寸/厚度/硬度/表面處理/包裝量（依品項填寫）,kg,範疇3 類別1,steel / stainless steel / aluminium / copper,中,可用於品名標準化、分類與排放係數候選匹配；不可直接當作活動數據。,金屬加工/機械/工程
PI-0012,鍍鋅鋼板-採購,鍍鋅鋼板,金屬原料,碳鋼/不鏽鋼/鋁材,原料,鋼/鋁/銅,牌號/尺寸/厚度/硬度/表面處理/包裝量（依品項填寫）,kg,範疇3 類別1,steel / stainless steel / aluminium / copper,中,可用於品名標準化、分類與排放係數候選匹配；不可直接當作活動數據。,金屬加工/機械/工程
PI-0013,SUS304不鏽鋼板,SUS304不鏽鋼板,金屬原料,碳鋼/不鏽鋼/鋁材,原料,鋼/鋁/銅,牌號/尺寸/厚度/硬度/表面處理/包裝量（依品項填寫）,kg,範疇3 類別1,steel / stainless steel / aluminium / copper,中,可用於品名標準化、分類與排放係數候選匹配；不可直接當作活動數據。,金屬加工/機械/工程
PI-0014,SUS304不鏽鋼板 kg,SUS304不鏽鋼板,金屬原料,碳鋼/不鏽鋼/鋁材,原料,鋼/鋁/銅,牌號/尺寸/厚度/硬度/表面處理/包裝量（依品項填寫）,kg,範疇3 類別1,steel / stainless steel / aluminium / copper,中,可用於品名標準化、分類與排放係數候選匹配；不可直接當作活動數據。,金屬加工/機械/工程
PI-0015,SUS304不鏽鋼板 常用規格,SUS304不鏽鋼板,金屬原料,碳鋼/不鏽鋼/鋁材,原料,鋼/鋁/銅,牌號/尺寸/厚度/硬度/表面處理/包裝量（依品項填寫）,kg,範疇3 類別1,steel / stainless steel / aluminium / copper,中,可用於品名標準化、分類與排放係數候選匹配；不可直接當作活動數據。,金屬加工/機械/工程
PI-0016,SUS304不鏽鋼板-採購,SUS304不鏽鋼板,金屬原料,碳鋼/不鏽鋼/鋁材,原料,鋼/鋁/銅,牌號/尺寸/厚度/硬度/表面處理/包裝量（依品項填寫）,kg,範疇3 類別1,steel / stainless steel / aluminium / copper,中,可用於品名標準化、分類與排放係數候選匹配；不可直接當作活動數據。,金屬加工/機械/工程
PI-0017,SUS316不鏽鋼板,SUS316不鏽鋼板,金屬原料,碳鋼/不鏽鋼/鋁材,原料,鋼/鋁/銅,牌號/尺寸/厚度/硬度/表面處理/包裝量（依品項填寫）,kg,範疇3 類別1,steel / stainless steel / aluminium / copper,中,可用於品名標準化、分類與排放係數候選匹配；不可直接當作活動數據。,金屬加工/機械/工程
PI-0018,SUS316不鏽鋼板 kg,SUS316不鏽鋼板,金屬原料,碳鋼/不鏽鋼/鋁材,原料,鋼/鋁/銅,牌號/尺寸/厚度/硬度/表面處理/包裝量（依品項填寫）,kg,範疇3 類別1,steel / stainless steel / aluminium / copper,中,可用於品名標準化、分類與排放係數候選匹配；不可直接當作活動數據。,金屬加工/機械/工程
PI-0019,SUS316不鏽鋼板 常用規格,SUS316不鏽鋼板,金屬原料,碳鋼/不鏽鋼/鋁材,原料,鋼/鋁/銅,牌號/尺寸/厚度/硬度/表面處理/包裝量（依品項填寫）,kg,範疇3 類別1,steel / stainless steel / aluminium / copper,中,可用於品名標準化、分類與排放係數候選匹配；不可直接當作活動數據。,金屬加工/機械/工程
PI-0020,SUS316不鏽鋼板-採購,SUS316不鏽鋼板,金屬原料,碳鋼/不鏽鋼/鋁材,原料,鋼/鋁/銅,牌號/尺寸/厚度/硬度/表面處理/包裝量（依品項填寫）,kg,範疇3 類別1,steel / stainless steel / aluminium / copper,中,可用於品名標準化、分類與排放係數候選匹配；不可直接當作活動數據。,金屬加工/機械/工程
PI-0021,鋁合金板6061,鋁合金板6061,金屬原料,碳鋼/不鏽鋼/鋁材,原料,鋼/鋁/銅,牌號/尺寸/厚度/硬度/表面處理/包裝量（依品項填寫）,kg,範疇3 類別1,steel / stainless steel / aluminium / copper,中,可用於品名標準化、分類與排放係數候選匹配；不可直接當作活動數據。,金屬加工/機械/工程
PI-0022,鋁合金板6061 kg,鋁合金板6061,金屬原料,碳鋼/不鏽鋼/鋁材,原料,鋼/鋁/銅,牌號/尺寸/厚度/硬度/表面處理/包裝量（依品項填寫）,kg,範疇3 類別1,steel / stainless steel / aluminium / copper,中,可用於品名標準化、分類與排放係數候選匹配；不可直接當作活動數據。,金屬加工/機械/工程
PI-0023,鋁合金板6061 常用規格,鋁合金板6061,金屬原料,碳鋼/不鏽鋼/鋁材,原料,鋼/鋁/銅,牌號/尺寸/厚度/硬度/表面處理/包裝量（依品項填寫）,kg,範疇3 類別1,steel / stainless steel / aluminium / copper,中,可用於品名標準化、分類與排放係數候選匹配；不可直接當作活動數據。,金屬加工/機械/工程
PI-0024,鋁合金板6061-採購,鋁合金板6061,金屬原料,碳鋼/不鏽鋼/鋁材,原料,鋼/鋁/銅,牌號/尺寸/厚度/硬度/表面處理/包裝量（依品項填寫）,kg,範疇3 類別1,steel / stainless steel / aluminium / copper,中,可用於品名標準化、分類與排放係數候選匹配；不可直接當作活動數據。,金屬加工/機械/工程
PI-0025,鋁擠型材,鋁擠型材,金屬原料,碳鋼/不鏽鋼/鋁材,原料,鋼/鋁/銅,牌號/尺寸/厚度/硬度/表面處理/包裝量（依品項填寫）,kg,範疇3 類別1,steel / stainless steel / aluminium / copper,中,可用於品名標準化、分類與排放係數候選匹配；不可直接當作活動數據。,金屬加工/機械/工程
PI-0026,鋁擠型材 kg,鋁擠型材,金屬原料,碳鋼/不鏽鋼/鋁材,原料,鋼/鋁/銅,牌號/尺寸/厚度/硬度/表面處理/包裝量（依品項填寫）,kg,範疇3 類別1,steel / stainless steel / aluminium / copper,中,可用於品名標準化、分類與排放係數候選匹配；不可直接當作活動數據。,金屬加工/機械/工程
PI-0027,鋁擠型材 常用規格,鋁擠型材,金屬原料,碳鋼/不鏽鋼/鋁材,原料,鋼/鋁/銅,牌號/尺寸/厚度/硬度/表面處理/包裝量（依品項填寫）,kg,範疇3 類別1,steel / stainless steel / aluminium / copper,中,可用於品名標準化、分類與排放係數候選匹配；不可直接當作活動數據。,金屬加工/機械/工程
PI-0028,鋁擠型材-採購,鋁擠型材,金屬原料,碳鋼/不鏽鋼/鋁材,原料,鋼/鋁/銅,牌號/尺寸/厚度/硬度/表面處理/包裝量（依品項填寫）,kg,範疇3 類別1,steel / stainless steel / aluminium / copper,中,可用於品名標準化、分類與排放係數候選匹配；不可直接當作活動數據。,金屬加工/機械/工程
PI-0029,圓鋼棒,圓鋼棒,金屬原料,碳鋼/不鏽鋼/鋁材,原料,鋼/鋁/銅,牌號/尺寸/厚度/硬度/表面處理/包裝量（依品項填寫）,kg,範疇3 類別1,steel / stainless steel / aluminium / copper,中,可用於品名標準化、分類與排放係數候選匹配；不可直接當作活動數據。,金屬加工/機械/工程
PI-0030,圓鋼棒 kg,圓鋼棒,金屬原料,碳鋼/不鏽鋼/鋁材,原料,鋼/鋁/銅,牌號/尺寸/厚度/硬度/表面處理/包裝量（依品項填寫）,kg,範疇3 類別1,steel / stainless steel / aluminium / copper,中,可用於品名標準化、分類與排放係數候選匹配；不可直接當作活動數據。,金屬加工/機械/工程
PI-0031,圓鋼棒 常用規格,圓鋼棒,金屬原料,碳鋼/不鏽鋼/鋁材,原料,鋼/鋁/銅,牌號/尺寸/厚度/硬度/表面處理/包裝量（依品項填寫）,kg,範疇3 類別1,steel / stainless steel / aluminium / copper,中,可用於品名標準化、分類與排放係數候選匹配；不可直接當作活動數據。,金屬加工/機械/工程
PI-0032,圓鋼棒-採購,圓鋼棒,金屬原料,碳鋼/不鏽鋼/鋁材,原料,鋼/鋁/銅,牌號/尺寸/厚度/硬度/表面處理/包裝量（依品項填寫）,kg,範疇3 類別1,steel / stainless steel / aluminium / copper,中,可用於品名標準化、分類與排放係數候選匹配；不可直接當作活動數據。,金屬加工/機械/工程
PI-0033,不鏽鋼圓棒,不鏽鋼圓棒,金屬原料,碳鋼/不鏽鋼/鋁材,原料,鋼/鋁/銅,牌號/尺寸/厚度/硬度/表面處理/包裝量（依品項填寫）,kg,範疇3 類別1,steel / stainless steel / aluminium / copper,中,可用於品名標準化、分類與排放係數候選匹配；不可直接當作活動數據。,金屬加工/機械/工程
PI-0034,不鏽鋼圓棒 kg,不鏽鋼圓棒,金屬原料,碳鋼/不鏽鋼/鋁材,原料,鋼/鋁/銅,牌號/尺寸/厚度/硬度/表面處理/包裝量（依品項填寫）,kg,範疇3 類別1,steel / stainless steel / aluminium / copper,中,可用於品名標準化、分類與排放係數候選匹配；不可直接當作活動數據。,金屬加工/機械/工程
PI-0035,不鏽鋼圓棒 常用規格,不鏽鋼圓棒,金屬原料,碳鋼/不鏽鋼/鋁材,原料,鋼/鋁/銅,牌號/尺寸/厚度/硬度/表面處理/包裝量（依品項填寫）,kg,範疇3 類別1,steel / stainless steel / aluminium / copper,中,可用於品名標準化、分類與排放係數候選匹配；不可直接當作活動數據。,金屬加工/機械/工程
PI-0036,不鏽鋼圓棒-採購,不鏽鋼圓棒,金屬原料,碳鋼/不鏽鋼/鋁材,原料,鋼/鋁/銅,牌號/尺寸/厚度/硬度/表面處理/包裝量（依品項填寫）,kg,範疇3 類別1,steel / stainless steel / aluminium / copper,中,可用於品名標準化、分類與排放係數候選匹配；不可直接當作活動數據。,金屬加工/機械/工程
PI-0037,黃銅棒,黃銅棒,金屬原料,碳鋼/不鏽鋼/鋁材,原料,鋼/鋁/銅,牌號/尺寸/厚度/硬度/表面處理/包裝量（依品項填寫）,kg,範疇3 類別1,steel / stainless steel / aluminium / copper,中,可用於品名標準化、分類與排放係數候選匹配；不可直接當作活動數據。,金屬加工/機械/工程
PI-0038,黃銅棒 kg,黃銅棒,金屬原料,碳鋼/不鏽鋼/鋁材,原料,鋼/鋁/銅,牌號/尺寸/厚度/硬度/表面處理/包裝量（依品項填寫）,kg,範疇3 類別1,steel / stainless steel / aluminium / copper,中,可用於品名標準化、分類與排放係數候選匹配；不可直接當作活動數據。,金屬加工/機械/工程
PI-0039,黃銅棒 常用規格,黃銅棒,金屬原料,碳鋼/不鏽鋼/鋁材,原料,鋼/鋁/銅,牌號/尺寸/厚度/硬度/表面處理/包裝量（依品項填寫）,kg,範疇3 類別1,steel / stainless steel / aluminium / copper,中,可用於品名標準化、分類與排放係數候選匹配；不可直接當作活動數據。,金屬加工/機械/工程
PI-0040,黃銅棒-採購,黃銅棒,金屬原料,碳鋼/不鏽鋼/鋁材,原料,鋼/鋁/銅,牌號/尺寸/厚度/硬度/表面處理/包裝量（依品項填寫）,kg,範疇3 類別1,steel / stainless steel / aluminium / copper,中,可用於品名標準化、分類與排放係數候選匹配；不可直接當作活動數據。,金屬加工/機械/工程
PI-0041,六角螺絲,六角螺絲,標準扣件,螺絲/螺帽/墊圈,零組件,鋼/不鏽鋼,牌號/尺寸/厚度/硬度/表面處理/包裝量（依品項填寫）,pcs,範疇3 類別1,steel fastener,中,可用於品名標準化、分類與排放係數候選匹配；不可直接當作活動數據。,機械/電子/工程
PI-0042,六角螺絲 pcs,六角螺絲,標準扣件,螺絲/螺帽/墊圈,零組件,鋼/不鏽鋼,牌號/尺寸/厚度/硬度/表面處理/包裝量（依品項填寫）,pcs,範疇3 類別1,steel fastener,中,可用於品名標準化、分類與排放係數候選匹配；不可直接當作活動數據。,機械/電子/工程
PI-0043,六角螺絲 常用規格,六角螺絲,標準扣件,螺絲/螺帽/墊圈,零組件,鋼/不鏽鋼,牌號/尺寸/厚度/硬度/表面處理/包裝量（依品項填寫）,pcs,範疇3 類別1,steel fastener,中,可用於品名標準化、分類與排放係數候選匹配；不可直接當作活動數據。,機械/電子/工程
PI-0044,六角螺絲-採購,六角螺絲,標準扣件,螺絲/螺帽/墊圈,零組件,鋼/不鏽鋼,牌號/尺寸/厚度/硬度/表面處理/包裝量（依品項填寫）,pcs,範疇3 類別1,steel fastener,中,可用於品名標準化、分類與排放係數候選匹配；不可直接當作活動數據。,機械/電子/工程
PI-0045,內六角螺絲,內六角螺絲,標準扣件,螺絲/螺帽/墊圈,零組件,鋼/不鏽鋼,牌號/尺寸/厚度/硬度/表面處理/包裝量（依品項填寫）,pcs,範疇3 類別1,steel fastener,中,可用於品名標準化、分類與排放係數候選匹配；不可直接當作活動數據。,機械/電子/工程
PI-0046,內六角螺絲 pcs,內六角螺絲,標準扣件,螺絲/螺帽/墊圈,零組件,鋼/不鏽鋼,牌號/尺寸/厚度/硬度/表面處理/包裝量（依品項填寫）,pcs,範疇3 類別1,steel fastener,中,可用於品名標準化、分類與排放係數候選匹配；不可直接當作活動數據。,機械/電子/工程
PI-0047,內六角螺絲 常用規格,內六角螺絲,標準扣件,螺絲/螺帽/墊圈,零組件,鋼/不鏽鋼,牌號/尺寸/厚度/硬度/表面處理/包裝量（依品項填寫）,pcs,範疇3 類別1,steel fastener,中,可用於品名標準化、分類與排放係數候選匹配；不可直接當作活動數據。,機械/電子/工程
PI-0048,內六角螺絲-採購,內六角螺絲,標準扣件,螺絲/螺帽/墊圈,零組件,鋼/不鏽鋼,牌號/尺寸/厚度/硬度/表面處理/包裝量（依品項填寫）,pcs,範疇3 類別1,steel fastener,中,可用於品名標準化、分類與排放係數候選匹配；不可直接當作活動數據。,機械/電子/工程
PI-0049,十字機械螺絲,十字機械螺絲,標準扣件,螺絲/螺帽/墊圈,零組件,鋼/不鏽鋼,牌號/尺寸/厚度/硬度/表面處理/包裝量（依品項填寫）,pcs,範疇3 類別1,steel fastener,中,可用於品名標準化、分類與排放係數候選匹配；不可直接當作活動數據。,機械/電子/工程
PI-0050,十字機械螺絲 pcs,十字機械螺絲,標準扣件,螺絲/螺帽/墊圈,零組件,鋼/不鏽鋼,牌號/尺寸/厚度/硬度/表面處理/包裝量（依品項填寫）,pcs,範疇3 類別1,steel fastener,中,可用於品名標準化、分類與排放係數候選匹配；不可直接當作活動數據。,機械/電子/工程
PI-0051,十字機械螺絲 常用規格,十字機械螺絲,標準扣件,螺絲/螺帽/墊圈,零組件,鋼/不鏽鋼,牌號/尺寸/厚度/硬度/表面處理/包裝量（依品項填寫）,pcs,範疇3 類別1,steel fastener,中,可用於品名標準化、分類與排放係數候選匹配；不可直接當作活動數據。,機械/電子/工程
PI-0052,十字機械螺絲-採購,十字機械螺絲,標準扣件,螺絲/螺帽/墊圈,零組件,鋼/不鏽鋼,牌號/尺寸/厚度/硬度/表面處理/包裝量（依品項填寫）,pcs,範疇3 類別1,steel fastener,中,可用於品名標準化、分類與排放係數候選匹配；不可直接當作活動數據。,機械/電子/工程
PI-0053,自攻螺絲,自攻螺絲,標準扣件,螺絲/螺帽/墊圈,零組件,鋼/不鏽鋼,牌號/尺寸/厚度/硬度/表面處理/包裝量（依品項填寫）,pcs,範疇3 類別1,steel fastener,中,可用於品名標準化、分類與排放係數候選匹配；不可直接當作活動數據。,機械/電子/工程
PI-0054,自攻螺絲 pcs,自攻螺絲,標準扣件,螺絲/螺帽/墊圈,零組件,鋼/不鏽鋼,牌號/尺寸/厚度/硬度/表面處理/包裝量（依品項填寫）,pcs,範疇3 類別1,steel fastener,中,可用於品名標準化、分類與排放係數候選匹配；不可直接當作活動數據。,機械/電子/工程
PI-0055,自攻螺絲 常用規格,自攻螺絲,標準扣件,螺絲/螺帽/墊圈,零組件,鋼/不鏽鋼,牌號/尺寸/厚度/硬度/表面處理/包裝量（依品項填寫）,pcs,範疇3 類別1,steel fastener,中,可用於品名標準化、分類與排放係數候選匹配；不可直接當作活動數據。,機械/電子/工程
PI-0056,自攻螺絲-採購,自攻螺絲,標準扣件,螺絲/螺帽/墊圈,零組件,鋼/不鏽鋼,牌號/尺寸/厚度/硬度/表面處理/包裝量（依品項填寫）,pcs,範疇3 類別1,steel fastener,中,可用於品名標準化、分類與排放係數候選匹配；不可直接當作活動數據。,機械/電子/工程
PI-0057,六角螺帽,六角螺帽,標準扣件,螺絲/螺帽/墊圈,零組件,鋼/不鏽鋼,牌號/尺寸/厚度/硬度/表面處理/包裝量（依品項填寫）,pcs,範疇3 類別1,steel fastener,中,可用於品名標準化、分類與排放係數候選匹配；不可直接當作活動數據。,機械/電子/工程
PI-0058,六角螺帽 pcs,六角螺帽,標準扣件,螺絲/螺帽/墊圈,零組件,鋼/不鏽鋼,牌號/尺寸/厚度/硬度/表面處理/包裝量（依品項填寫）,pcs,範疇3 類別1,steel fastener,中,可用於品名標準化、分類與排放係數候選匹配；不可直接當作活動數據。,機械/電子/工程
PI-0059,六角螺帽 常用規格,六角螺帽,標準扣件,螺絲/螺帽/墊圈,零組件,鋼/不鏽鋼,牌號/尺寸/厚度/硬度/表面處理/包裝量（依品項填寫）,pcs,範疇3 類別1,steel fastener,中,可用於品名標準化、分類與排放係數候選匹配；不可直接當作活動數據。,機械/電子/工程
PI-0060,六角螺帽-採購,六角螺帽,標準扣件,螺絲/螺帽/墊圈,零組件,鋼/不鏽鋼,牌號/尺寸/厚度/硬度/表面處理/包裝量（依品項填寫）,pcs,範疇3 類別1,steel fastener,中,可用於品名標準化、分類與排放係數候選匹配；不可直接當作活動數據。,機械/電子/工程
PI-0061,尼龍防鬆螺帽,尼龍防鬆螺帽,標準扣件,螺絲/螺帽/墊圈,零組件,鋼/不鏽鋼,牌號/尺寸/厚度/硬度/表面處理/包裝量（依品項填寫）,pcs,範疇3 類別1,steel fastener,中,可用於品名標準化、分類與排放係數候選匹配；不可直接當作活動數據。,機械/電子/工程
PI-0062,尼龍防鬆螺帽 pcs,尼龍防鬆螺帽,標準扣件,螺絲/螺帽/墊圈,零組件,鋼/不鏽鋼,牌號/尺寸/厚度/硬度/表面處理/包裝量（依品項填寫）,pcs,範疇3 類別1,steel fastener,中,可用於品名標準化、分類與排放係數候選匹配；不可直接當作活動數據。,機械/電子/工程
PI-0063,尼龍防鬆螺帽 常用規格,尼龍防鬆螺帽,標準扣件,螺絲/螺帽/墊圈,零組件,鋼/不鏽鋼,牌號/尺寸/厚度/硬度/表面處理/包裝量（依品項填寫）,pcs,範疇3 類別1,steel fastener,中,可用於品名標準化、分類與排放係數候選匹配；不可直接當作活動數據。,機械/電子/工程
PI-0064,尼龍防鬆螺帽-採購,尼龍防鬆螺帽,標準扣件,螺絲/螺帽/墊圈,零組件,鋼/不鏽鋼,牌號/尺寸/厚度/硬度/表面處理/包裝量（依品項填寫）,pcs,範疇3 類別1,steel fastener,中,可用於品名標準化、分類與排放係數候選匹配；不可直接當作活動數據。,機械/電子/工程
PI-0065,平華司,平華司,標準扣件,螺絲/螺帽/墊圈,零組件,鋼/不鏽鋼,牌號/尺寸/厚度/硬度/表面處理/包裝量（依品項填寫）,pcs,範疇3 類別1,steel fastener,中,可用於品名標準化、分類與排放係數候選匹配；不可直接當作活動數據。,機械/電子/工程
PI-0066,平華司 pcs,平華司,標準扣件,螺絲/螺帽/墊圈,零組件,鋼/不鏽鋼,牌號/尺寸/厚度/硬度/表面處理/包裝量（依品項填寫）,pcs,範疇3 類別1,steel fastener,中,可用於品名標準化、分類與排放係數候選匹配；不可直接當作活動數據。,機械/電子/工程
PI-0067,平華司 常用規格,平華司,標準扣件,螺絲/螺帽/墊圈,零組件,鋼/不鏽鋼,牌號/尺寸/厚度/硬度/表面處理/包裝量（依品項填寫）,pcs,範疇3 類別1,steel fastener,中,可用於品名標準化、分類與排放係數候選匹配；不可直接當作活動數據。,機械/電子/工程
PI-0068,平華司-採購,平華司,標準扣件,螺絲/螺帽/墊圈,零組件,鋼/不鏽鋼,牌號/尺寸/厚度/硬度/表面處理/包裝量（依品項填寫）,pcs,範疇3 類別1,steel fastener,中,可用於品名標準化、分類與排放係數候選匹配；不可直接當作活動數據。,機械/電子/工程
PI-0069,彈簧華司,彈簧華司,標準扣件,螺絲/螺帽/墊圈,零組件,鋼/不鏽鋼,牌號/尺寸/厚度/硬度/表面處理/包裝量（依品項填寫）,pcs,範疇3 類別1,steel fastener,中,可用於品名標準化、分類與排放係數候選匹配；不可直接當作活動數據。,機械/電子/工程
PI-0070,彈簧華司 pcs,彈簧華司,標準扣件,螺絲/螺帽/墊圈,零組件,鋼/不鏽鋼,牌號/尺寸/厚度/硬度/表面處理/包裝量（依品項填寫）,pcs,範疇3 類別1,steel fastener,中,可用於品名標準化、分類與排放係數候選匹配；不可直接當作活動數據。,機械/電子/工程
PI-0071,彈簧華司 常用規格,彈簧華司,標準扣件,螺絲/螺帽/墊圈,零組件,鋼/不鏽鋼,牌號/尺寸/厚度/硬度/表面處理/包裝量（依品項填寫）,pcs,範疇3 類別1,steel fastener,中,可用於品名標準化、分類與排放係數候選匹配；不可直接當作活動數據。,機械/電子/工程
PI-0072,彈簧華司-採購,彈簧華司,標準扣件,螺絲/螺帽/墊圈,零組件,鋼/不鏽鋼,牌號/尺寸/厚度/硬度/表面處理/包裝量（依品項填寫）,pcs,範疇3 類別1,steel fastener,中,可用於品名標準化、分類與排放係數候選匹配；不可直接當作活動數據。,機械/電子/工程
PI-0073,牙條,牙條,標準扣件,螺絲/螺帽/墊圈,零組件,鋼/不鏽鋼,牌號/尺寸/厚度/硬度/表面處理/包裝量（依品項填寫）,pcs,範疇3 類別1,steel fastener,中,可用於品名標準化、分類與排放係數候選匹配；不可直接當作活動數據。,機械/電子/工程
PI-0074,牙條 pcs,牙條,標準扣件,螺絲/螺帽/墊圈,零組件,鋼/不鏽鋼,牌號/尺寸/厚度/硬度/表面處理/包裝量（依品項填寫）,pcs,範疇3 類別1,steel fastener,中,可用於品名標準化、分類與排放係數候選匹配；不可直接當作活動數據。,機械/電子/工程
PI-0075,牙條 常用規格,牙條,標準扣件,螺絲/螺帽/墊圈,零組件,鋼/不鏽鋼,牌號/尺寸/厚度/硬度/表面處理/包裝量（依品項填寫）,pcs,範疇3 類別1,steel fastener,中,可用於品名標準化、分類與排放係數候選匹配；不可直接當作活動數據。,機械/電子/工程
PI-0076,牙條-採購,牙條,標準扣件,螺絲/螺帽/墊圈,零組件,鋼/不鏽鋼,牌號/尺寸/厚度/硬度/表面處理/包裝量（依品項填寫）,pcs,範疇3 類別1,steel fastener,中,可用於品名標準化、分類與排放係數候選匹配；不可直接當作活動數據。,機械/電子/工程
PI-0077,拉帽,拉帽,標準扣件,螺絲/螺帽/墊圈,零組件,鋼/不鏽鋼,牌號/尺寸/厚度/硬度/表面處理/包裝量（依品項填寫）,pcs,範疇3 類別1,steel fastener,中,可用於品名標準化、分類與排放係數候選匹配；不可直接當作活動數據。,機械/電子/工程
PI-0078,拉帽 pcs,拉帽,標準扣件,螺絲/螺帽/墊圈,零組件,鋼/不鏽鋼,牌號/尺寸/厚度/硬度/表面處理/包裝量（依品項填寫）,pcs,範疇3 類別1,steel fastener,中,可用於品名標準化、分類與排放係數候選匹配；不可直接當作活動數據。,機械/電子/工程
PI-0079,拉帽 常用規格,拉帽,標準扣件,螺絲/螺帽/墊圈,零組件,鋼/不鏽鋼,牌號/尺寸/厚度/硬度/表面處理/包裝量（依品項填寫）,pcs,範疇3 類別1,steel fastener,中,可用於品名標準化、分類與排放係數候選匹配；不可直接當作活動數據。,機械/電子/工程
PI-0080,拉帽-採購,拉帽,標準扣件,螺絲/螺帽/墊圈,零組件,鋼/不鏽鋼,牌號/尺寸/厚度/硬度/表面處理/包裝量（依品項填寫）,pcs,範疇3 類別1,steel fastener,中,可用於品名標準化、分類與排放係數候選匹配；不可直接當作活動數據。,機械/電子/工程
PI-0081,深溝滾珠軸承,深溝滾珠軸承,軸承傳動,軸承/皮帶/鏈條,零組件,鋼/橡膠/工程塑膠,牌號/尺寸/厚度/硬度/表面處理/包裝量（依品項填寫）,pcs,範疇3 類別1,machinery components,中,可用於品名標準化、分類與排放係數候選匹配；不可直接當作活動數據。,機械/自動化
PI-0082,深溝滾珠軸承 pcs,深溝滾珠軸承,軸承傳動,軸承/皮帶/鏈條,零組件,鋼/橡膠/工程塑膠,牌號/尺寸/厚度/硬度/表面處理/包裝量（依品項填寫）,pcs,範疇3 類別1,machinery components,中,可用於品名標準化、分類與排放係數候選匹配；不可直接當作活動數據。,機械/自動化
PI-0083,深溝滾珠軸承 常用規格,深溝滾珠軸承,軸承傳動,軸承/皮帶/鏈條,零組件,鋼/橡膠/工程塑膠,牌號/尺寸/厚度/硬度/表面處理/包裝量（依品項填寫）,pcs,範疇3 類別1,machinery components,中,可用於品名標準化、分類與排放係數候選匹配；不可直接當作活動數據。,機械/自動化
PI-0084,深溝滾珠軸承-採購,深溝滾珠軸承,軸承傳動,軸承/皮帶/鏈條,零組件,鋼/橡膠/工程塑膠,牌號/尺寸/厚度/硬度/表面處理/包裝量（依品項填寫）,pcs,範疇3 類別1,machinery components,中,可用於品名標準化、分類與排放係數候選匹配；不可直接當作活動數據。,機械/自動化
PI-0085,直線軸承,直線軸承,軸承傳動,軸承/皮帶/鏈條,零組件,鋼/橡膠/工程塑膠,牌號/尺寸/厚度/硬度/表面處理/包裝量（依品項填寫）,pcs,範疇3 類別1,machinery components,中,可用於品名標準化、分類與排放係數候選匹配；不可直接當作活動數據。,機械/自動化
PI-0086,直線軸承 pcs,直線軸承,軸承傳動,軸承/皮帶/鏈條,零組件,鋼/橡膠/工程塑膠,牌號/尺寸/厚度/硬度/表面處理/包裝量（依品項填寫）,pcs,範疇3 類別1,machinery components,中,可用於品名標準化、分類與排放係數候選匹配；不可直接當作活動數據。,機械/自動化
PI-0087,直線軸承 常用規格,直線軸承,軸承傳動,軸承/皮帶/鏈條,零組件,鋼/橡膠/工程塑膠,牌號/尺寸/厚度/硬度/表面處理/包裝量（依品項填寫）,pcs,範疇3 類別1,machinery components,中,可用於品名標準化、分類與排放係數候選匹配；不可直接當作活動數據。,機械/自動化
PI-0088,直線軸承-採購,直線軸承,軸承傳動,軸承/皮帶/鏈條,零組件,鋼/橡膠/工程塑膠,牌號/尺寸/厚度/硬度/表面處理/包裝量（依品項填寫）,pcs,範疇3 類別1,machinery components,中,可用於品名標準化、分類與排放係數候選匹配；不可直接當作活動數據。,機械/自動化
PI-0089,滾針軸承,滾針軸承,軸承傳動,軸承/皮帶/鏈條,零組件,鋼/橡膠/工程塑膠,牌號/尺寸/厚度/硬度/表面處理/包裝量（依品項填寫）,pcs,範疇3 類別1,machinery components,中,可用於品名標準化、分類與排放係數候選匹配；不可直接當作活動數據。,機械/自動化
PI-0090,滾針軸承 pcs,滾針軸承,軸承傳動,軸承/皮帶/鏈條,零組件,鋼/橡膠/工程塑膠,牌號/尺寸/厚度/硬度/表面處理/包裝量（依品項填寫）,pcs,範疇3 類別1,machinery components,中,可用於品名標準化、分類與排放係數候選匹配；不可直接當作活動數據。,機械/自動化
PI-0091,滾針軸承 常用規格,滾針軸承,軸承傳動,軸承/皮帶/鏈條,零組件,鋼/橡膠/工程塑膠,牌號/尺寸/厚度/硬度/表面處理/包裝量（依品項填寫）,pcs,範疇3 類別1,machinery components,中,可用於品名標準化、分類與排放係數候選匹配；不可直接當作活動數據。,機械/自動化
PI-0092,滾針軸承-採購,滾針軸承,軸承傳動,軸承/皮帶/鏈條,零組件,鋼/橡膠/工程塑膠,牌號/尺寸/厚度/硬度/表面處理/包裝量（依品項填寫）,pcs,範疇3 類別1,machinery components,中,可用於品名標準化、分類與排放係數候選匹配；不可直接當作活動數據。,機械/自動化
PI-0093,圓錐滾子軸承,圓錐滾子軸承,軸承傳動,軸承/皮帶/鏈條,零組件,鋼/橡膠/工程塑膠,牌號/尺寸/厚度/硬度/表面處理/包裝量（依品項填寫）,pcs,範疇3 類別1,machinery components,中,可用於品名標準化、分類與排放係數候選匹配；不可直接當作活動數據。,機械/自動化
PI-0094,圓錐滾子軸承 pcs,圓錐滾子軸承,軸承傳動,軸承/皮帶/鏈條,零組件,鋼/橡膠/工程塑膠,牌號/尺寸/厚度/硬度/表面處理/包裝量（依品項填寫）,pcs,範疇3 類別1,machinery components,中,可用於品名標準化、分類與排放係數候選匹配；不可直接當作活動數據。,機械/自動化
PI-0095,圓錐滾子軸承 常用規格,圓錐滾子軸承,軸承傳動,軸承/皮帶/鏈條,零組件,鋼/橡膠/工程塑膠,牌號/尺寸/厚度/硬度/表面處理/包裝量（依品項填寫）,pcs,範疇3 類別1,machinery components,中,可用於品名標準化、分類與排放係數候選匹配；不可直接當作活動數據。,機械/自動化
PI-0096,圓錐滾子軸承-採購,圓錐滾子軸承,軸承傳動,軸承/皮帶/鏈條,零組件,鋼/橡膠/工程塑膠,牌號/尺寸/厚度/硬度/表面處理/包裝量（依品項填寫）,pcs,範疇3 類別1,machinery components,中,可用於品名標準化、分類與排放係數候選匹配；不可直接當作活動數據。,機械/自動化
PI-0097,同步皮帶,同步皮帶,軸承傳動,軸承/皮帶/鏈條,零組件,鋼/橡膠/工程塑膠,牌號/尺寸/厚度/硬度/表面處理/包裝量（依品項填寫）,pcs,範疇3 類別1,machinery components,中,可用於品名標準化、分類與排放係數候選匹配；不可直接當作活動數據。,機械/自動化
PI-0098,同步皮帶 pcs,同步皮帶,軸承傳動,軸承/皮帶/鏈條,零組件,鋼/橡膠/工程塑膠,牌號/尺寸/厚度/硬度/表面處理/包裝量（依品項填寫）,pcs,範疇3 類別1,machinery components,中,可用於品名標準化、分類與排放係數候選匹配；不可直接當作活動數據。,機械/自動化
PI-0099,同步皮帶 常用規格,同步皮帶,軸承傳動,軸承/皮帶/鏈條,零組件,鋼/橡膠/工程塑膠,牌號/尺寸/厚度/硬度/表面處理/包裝量（依品項填寫）,pcs,範疇3 類別1,machinery components,中,可用於品名標準化、分類與排放係數候選匹配；不可直接當作活動數據。,機械/自動化
PI-0100,同步皮帶-採購,同步皮帶,軸承傳動,軸承/皮帶/鏈條,零組件,鋼/橡膠/工程塑膠,牌號/尺寸/厚度/硬度/表面處理/包裝量（依品項填寫）,pcs,範疇3 類別1,machinery components,中,可用於品名標準化、分類與排放係數候選匹配；不可直接當作活動數據。,機械/自動化
PI-0101,V型皮帶,V型皮帶,軸承傳動,軸承/皮帶/鏈條,零組件,鋼/橡膠/工程塑膠,牌號/尺寸/厚度/硬度/表面處理/包裝量（依品項填寫）,pcs,範疇3 類別1,machinery components,中,可用於品名標準化、分類與排放係數候選匹配；不可直接當作活動數據。,機械/自動化
PI-0102,V型皮帶 pcs,V型皮帶,軸承傳動,軸承/皮帶/鏈條,零組件,鋼/橡膠/工程塑膠,牌號/尺寸/厚度/硬度/表面處理/包裝量（依品項填寫）,pcs,範疇3 類別1,machinery components,中,可用於品名標準化、分類與排放係數候選匹配；不可直接當作活動數據。,機械/自動化
PI-0103,V型皮帶 常用規格,V型皮帶,軸承傳動,軸承/皮帶/鏈條,零組件,鋼/橡膠/工程塑膠,牌號/尺寸/厚度/硬度/表面處理/包裝量（依品項填寫）,pcs,範疇3 類別1,machinery components,中,可用於品名標準化、分類與排放係數候選匹配；不可直接當作活動數據。,機械/自動化
PI-0104,V型皮帶-採購,V型皮帶,軸承傳動,軸承/皮帶/鏈條,零組件,鋼/橡膠/工程塑膠,牌號/尺寸/厚度/硬度/表面處理/包裝量（依品項填寫）,pcs,範疇3 類別1,machinery components,中,可用於品名標準化、分類與排放係數候選匹配；不可直接當作活動數據。,機械/自動化
PI-0105,滾子鏈條,滾子鏈條,軸承傳動,軸承/皮帶/鏈條,零組件,鋼/橡膠/工程塑膠,牌號/尺寸/厚度/硬度/表面處理/包裝量（依品項填寫）,pcs,範疇3 類別1,machinery components,中,可用於品名標準化、分類與排放係數候選匹配；不可直接當作活動數據。,機械/自動化
PI-0106,滾子鏈條 pcs,滾子鏈條,軸承傳動,軸承/皮帶/鏈條,零組件,鋼/橡膠/工程塑膠,牌號/尺寸/厚度/硬度/表面處理/包裝量（依品項填寫）,pcs,範疇3 類別1,machinery components,中,可用於品名標準化、分類與排放係數候選匹配；不可直接當作活動數據。,機械/自動化
PI-0107,滾子鏈條 常用規格,滾子鏈條,軸承傳動,軸承/皮帶/鏈條,零組件,鋼/橡膠/工程塑膠,牌號/尺寸/厚度/硬度/表面處理/包裝量（依品項填寫）,pcs,範疇3 類別1,machinery components,中,可用於品名標準化、分類與排放係數候選匹配；不可直接當作活動數據。,機械/自動化
PI-0108,滾子鏈條-採購,滾子鏈條,軸承傳動,軸承/皮帶/鏈條,零組件,鋼/橡膠/工程塑膠,牌號/尺寸/厚度/硬度/表面處理/包裝量（依品項填寫）,pcs,範疇3 類別1,machinery components,中,可用於品名標準化、分類與排放係數候選匹配；不可直接當作活動數據。,機械/自動化
PI-0109,鏈輪,鏈輪,軸承傳動,軸承/皮帶/鏈條,零組件,鋼/橡膠/工程塑膠,牌號/尺寸/厚度/硬度/表面處理/包裝量（依品項填寫）,pcs,範疇3 類別1,machinery components,中,可用於品名標準化、分類與排放係數候選匹配；不可直接當作活動數據。,機械/自動化
PI-0110,鏈輪 pcs,鏈輪,軸承傳動,軸承/皮帶/鏈條,零組件,鋼/橡膠/工程塑膠,牌號/尺寸/厚度/硬度/表面處理/包裝量（依品項填寫）,pcs,範疇3 類別1,machinery components,中,可用於品名標準化、分類與排放係數候選匹配；不可直接當作活動數據。,機械/自動化
PI-0111,鏈輪 常用規格,鏈輪,軸承傳動,軸承/皮帶/鏈條,零組件,鋼/橡膠/工程塑膠,牌號/尺寸/厚度/硬度/表面處理/包裝量（依品項填寫）,pcs,範疇3 類別1,machinery components,中,可用於品名標準化、分類與排放係數候選匹配；不可直接當作活動數據。,機械/自動化
PI-0112,鏈輪-採購,鏈輪,軸承傳動,軸承/皮帶/鏈條,零組件,鋼/橡膠/工程塑膠,牌號/尺寸/厚度/硬度/表面處理/包裝量（依品項填寫）,pcs,範疇3 類別1,machinery components,中,可用於品名標準化、分類與排放係數候選匹配；不可直接當作活動數據。,機械/自動化
PI-0113,聯軸器,聯軸器,軸承傳動,軸承/皮帶/鏈條,零組件,鋼/橡膠/工程塑膠,牌號/尺寸/厚度/硬度/表面處理/包裝量（依品項填寫）,pcs,範疇3 類別1,machinery components,中,可用於品名標準化、分類與排放係數候選匹配；不可直接當作活動數據。,機械/自動化
PI-0114,聯軸器 pcs,聯軸器,軸承傳動,軸承/皮帶/鏈條,零組件,鋼/橡膠/工程塑膠,牌號/尺寸/厚度/硬度/表面處理/包裝量（依品項填寫）,pcs,範疇3 類別1,machinery components,中,可用於品名標準化、分類與排放係數候選匹配；不可直接當作活動數據。,機械/自動化
PI-0115,聯軸器 常用規格,聯軸器,軸承傳動,軸承/皮帶/鏈條,零組件,鋼/橡膠/工程塑膠,牌號/尺寸/厚度/硬度/表面處理/包裝量（依品項填寫）,pcs,範疇3 類別1,machinery components,中,可用於品名標準化、分類與排放係數候選匹配；不可直接當作活動數據。,機械/自動化
PI-0116,聯軸器-採購,聯軸器,軸承傳動,軸承/皮帶/鏈條,零組件,鋼/橡膠/工程塑膠,牌號/尺寸/厚度/硬度/表面處理/包裝量（依品項填寫）,pcs,範疇3 類別1,machinery components,中,可用於品名標準化、分類與排放係數候選匹配；不可直接當作活動數據。,機械/自動化
PI-0117,線性滑軌,線性滑軌,軸承傳動,軸承/皮帶/鏈條,零組件,鋼/橡膠/工程塑膠,牌號/尺寸/厚度/硬度/表面處理/包裝量（依品項填寫）,pcs,範疇3 類別1,machinery components,中,可用於品名標準化、分類與排放係數候選匹配；不可直接當作活動數據。,機械/自動化
PI-0118,線性滑軌 pcs,線性滑軌,軸承傳動,軸承/皮帶/鏈條,零組件,鋼/橡膠/工程塑膠,牌號/尺寸/厚度/硬度/表面處理/包裝量（依品項填寫）,pcs,範疇3 類別1,machinery components,中,可用於品名標準化、分類與排放係數候選匹配；不可直接當作活動數據。,機械/自動化
PI-0119,線性滑軌 常用規格,線性滑軌,軸承傳動,軸承/皮帶/鏈條,零組件,鋼/橡膠/工程塑膠,牌號/尺寸/厚度/硬度/表面處理/包裝量（依品項填寫）,pcs,範疇3 類別1,machinery components,中,可用於品名標準化、分類與排放係數候選匹配；不可直接當作活動數據。,機械/自動化
PI-0120,線性滑軌-採購,線性滑軌,軸承傳動,軸承/皮帶/鏈條,零組件,鋼/橡膠/工程塑膠,牌號/尺寸/厚度/硬度/表面處理/包裝量（依品項填寫）,pcs,範疇3 類別1,machinery components,中,可用於品名標準化、分類與排放係數候選匹配；不可直接當作活動數據。,機械/自動化
PI-0121,標準氣缸,標準氣缸,氣油壓元件,氣缸/閥/接頭,零組件,鋼/鋁/塑膠,牌號/尺寸/厚度/硬度/表面處理/包裝量（依品項填寫）,pcs,範疇3 類別1,machinery components,中,可用於品名標準化、分類與排放係數候選匹配；不可直接當作活動數據。,機械/自動化
PI-0122,標準氣缸 pcs,標準氣缸,氣油壓元件,氣缸/閥/接頭,零組件,鋼/鋁/塑膠,牌號/尺寸/厚度/硬度/表面處理/包裝量（依品項填寫）,pcs,範疇3 類別1,machinery components,中,可用於品名標準化、分類與排放係數候選匹配；不可直接當作活動數據。,機械/自動化
PI-0123,標準氣缸 常用規格,標準氣缸,氣油壓元件,氣缸/閥/接頭,零組件,鋼/鋁/塑膠,牌號/尺寸/厚度/硬度/表面處理/包裝量（依品項填寫）,pcs,範疇3 類別1,machinery components,中,可用於品名標準化、分類與排放係數候選匹配；不可直接當作活動數據。,機械/自動化
PI-0124,標準氣缸-採購,標準氣缸,氣油壓元件,氣缸/閥/接頭,零組件,鋼/鋁/塑膠,牌號/尺寸/厚度/硬度/表面處理/包裝量（依品項填寫）,pcs,範疇3 類別1,machinery components,中,可用於品名標準化、分類與排放係數候選匹配；不可直接當作活動數據。,機械/自動化
PI-0125,薄型氣缸,薄型氣缸,氣油壓元件,氣缸/閥/接頭,零組件,鋼/鋁/塑膠,牌號/尺寸/厚度/硬度/表面處理/包裝量（依品項填寫）,pcs,範疇3 類別1,machinery components,中,可用於品名標準化、分類與排放係數候選匹配；不可直接當作活動數據。,機械/自動化
PI-0126,薄型氣缸 pcs,薄型氣缸,氣油壓元件,氣缸/閥/接頭,零組件,鋼/鋁/塑膠,牌號/尺寸/厚度/硬度/表面處理/包裝量（依品項填寫）,pcs,範疇3 類別1,machinery components,中,可用於品名標準化、分類與排放係數候選匹配；不可直接當作活動數據。,機械/自動化
PI-0127,薄型氣缸 常用規格,薄型氣缸,氣油壓元件,氣缸/閥/接頭,零組件,鋼/鋁/塑膠,牌號/尺寸/厚度/硬度/表面處理/包裝量（依品項填寫）,pcs,範疇3 類別1,machinery components,中,可用於品名標準化、分類與排放係數候選匹配；不可直接當作活動數據。,機械/自動化
PI-0128,薄型氣缸-採購,薄型氣缸,氣油壓元件,氣缸/閥/接頭,零組件,鋼/鋁/塑膠,牌號/尺寸/厚度/硬度/表面處理/包裝量（依品項填寫）,pcs,範疇3 類別1,machinery components,中,可用於品名標準化、分類與排放係數候選匹配；不可直接當作活動數據。,機械/自動化
PI-0129,電磁閥,電磁閥,氣油壓元件,氣缸/閥/接頭,零組件,鋼/鋁/塑膠,牌號/尺寸/厚度/硬度/表面處理/包裝量（依品項填寫）,pcs,範疇3 類別1,machinery components,中,可用於品名標準化、分類與排放係數候選匹配；不可直接當作活動數據。,機械/自動化
PI-0130,電磁閥 pcs,電磁閥,氣油壓元件,氣缸/閥/接頭,零組件,鋼/鋁/塑膠,牌號/尺寸/厚度/硬度/表面處理/包裝量（依品項填寫）,pcs,範疇3 類別1,machinery components,中,可用於品名標準化、分類與排放係數候選匹配；不可直接當作活動數據。,機械/自動化
PI-0131,電磁閥 常用規格,電磁閥,氣油壓元件,氣缸/閥/接頭,零組件,鋼/鋁/塑膠,牌號/尺寸/厚度/硬度/表面處理/包裝量（依品項填寫）,pcs,範疇3 類別1,machinery components,中,可用於品名標準化、分類與排放係數候選匹配；不可直接當作活動數據。,機械/自動化
PI-0132,電磁閥-採購,電磁閥,氣油壓元件,氣缸/閥/接頭,零組件,鋼/鋁/塑膠,牌號/尺寸/厚度/硬度/表面處理/包裝量（依品項填寫）,pcs,範疇3 類別1,machinery components,中,可用於品名標準化、分類與排放係數候選匹配；不可直接當作活動數據。,機械/自動化
PI-0133,調壓閥,調壓閥,氣油壓元件,氣缸/閥/接頭,零組件,鋼/鋁/塑膠,牌號/尺寸/厚度/硬度/表面處理/包裝量（依品項填寫）,pcs,範疇3 類別1,machinery components,中,可用於品名標準化、分類與排放係數候選匹配；不可直接當作活動數據。,機械/自動化
PI-0134,調壓閥 pcs,調壓閥,氣油壓元件,氣缸/閥/接頭,零組件,鋼/鋁/塑膠,牌號/尺寸/厚度/硬度/表面處理/包裝量（依品項填寫）,pcs,範疇3 類別1,machinery components,中,可用於品名標準化、分類與排放係數候選匹配；不可直接當作活動數據。,機械/自動化
PI-0135,調壓閥 常用規格,調壓閥,氣油壓元件,氣缸/閥/接頭,零組件,鋼/鋁/塑膠,牌號/尺寸/厚度/硬度/表面處理/包裝量（依品項填寫）,pcs,範疇3 類別1,machinery components,中,可用於品名標準化、分類與排放係數候選匹配；不可直接當作活動數據。,機械/自動化
PI-0136,調壓閥-採購,調壓閥,氣油壓元件,氣缸/閥/接頭,零組件,鋼/鋁/塑膠,牌號/尺寸/厚度/硬度/表面處理/包裝量（依品項填寫）,pcs,範疇3 類別1,machinery components,中,可用於品名標準化、分類與排放係數候選匹配；不可直接當作活動數據。,機械/自動化
PI-0137,空氣過濾器,空氣過濾器,氣油壓元件,氣缸/閥/接頭,零組件,鋼/鋁/塑膠,牌號/尺寸/厚度/硬度/表面處理/包裝量（依品項填寫）,pcs,範疇3 類別1,machinery components,中,可用於品名標準化、分類與排放係數候選匹配；不可直接當作活動數據。,機械/自動化
PI-0138,空氣過濾器 pcs,空氣過濾器,氣油壓元件,氣缸/閥/接頭,零組件,鋼/鋁/塑膠,牌號/尺寸/厚度/硬度/表面處理/包裝量（依品項填寫）,pcs,範疇3 類別1,machinery components,中,可用於品名標準化、分類與排放係數候選匹配；不可直接當作活動數據。,機械/自動化
PI-0139,空氣過濾器 常用規格,空氣過濾器,氣油壓元件,氣缸/閥/接頭,零組件,鋼/鋁/塑膠,牌號/尺寸/厚度/硬度/表面處理/包裝量（依品項填寫）,pcs,範疇3 類別1,machinery components,中,可用於品名標準化、分類與排放係數候選匹配；不可直接當作活動數據。,機械/自動化
PI-0140,空氣過濾器-採購,空氣過濾器,氣油壓元件,氣缸/閥/接頭,零組件,鋼/鋁/塑膠,牌號/尺寸/厚度/硬度/表面處理/包裝量（依品項填寫）,pcs,範疇3 類別1,machinery components,中,可用於品名標準化、分類與排放係數候選匹配；不可直接當作活動數據。,機械/自動化
PI-0141,快速接頭,快速接頭,氣油壓元件,氣缸/閥/接頭,零組件,鋼/鋁/塑膠,牌號/尺寸/厚度/硬度/表面處理/包裝量（依品項填寫）,pcs,範疇3 類別1,machinery components,中,可用於品名標準化、分類與排放係數候選匹配；不可直接當作活動數據。,機械/自動化
PI-0142,快速接頭 pcs,快速接頭,氣油壓元件,氣缸/閥/接頭,零組件,鋼/鋁/塑膠,牌號/尺寸/厚度/硬度/表面處理/包裝量（依品項填寫）,pcs,範疇3 類別1,machinery components,中,可用於品名標準化、分類與排放係數候選匹配；不可直接當作活動數據。,機械/自動化
PI-0143,快速接頭 常用規格,快速接頭,氣油壓元件,氣缸/閥/接頭,零組件,鋼/鋁/塑膠,牌號/尺寸/厚度/硬度/表面處理/包裝量（依品項填寫）,pcs,範疇3 類別1,machinery components,中,可用於品名標準化、分類與排放係數候選匹配；不可直接當作活動數據。,機械/自動化
PI-0144,快速接頭-採購,快速接頭,氣油壓元件,氣缸/閥/接頭,零組件,鋼/鋁/塑膠,牌號/尺寸/厚度/硬度/表面處理/包裝量（依品項填寫）,pcs,範疇3 類別1,machinery components,中,可用於品名標準化、分類與排放係數候選匹配；不可直接當作活動數據。,機械/自動化
PI-0145,PU氣管,PU氣管,氣油壓元件,氣缸/閥/接頭,零組件,鋼/鋁/塑膠,牌號/尺寸/厚度/硬度/表面處理/包裝量（依品項填寫）,pcs,範疇3 類別1,machinery components,中,可用於品名標準化、分類與排放係數候選匹配；不可直接當作活動數據。,機械/自動化
PI-0146,PU氣管 pcs,PU氣管,氣油壓元件,氣缸/閥/接頭,零組件,鋼/鋁/塑膠,牌號/尺寸/厚度/硬度/表面處理/包裝量（依品項填寫）,pcs,範疇3 類別1,machinery components,中,可用於品名標準化、分類與排放係數候選匹配；不可直接當作活動數據。,機械/自動化
PI-0147,PU氣管 常用規格,PU氣管,氣油壓元件,氣缸/閥/接頭,零組件,鋼/鋁/塑膠,牌號/尺寸/厚度/硬度/表面處理/包裝量（依品項填寫）,pcs,範疇3 類別1,machinery components,中,可用於品名標準化、分類與排放係數候選匹配；不可直接當作活動數據。,機械/自動化
PI-0148,PU氣管-採購,PU氣管,氣油壓元件,氣缸/閥/接頭,零組件,鋼/鋁/塑膠,牌號/尺寸/厚度/硬度/表面處理/包裝量（依品項填寫）,pcs,範疇3 類別1,machinery components,中,可用於品名標準化、分類與排放係數候選匹配；不可直接當作活動數據。,機械/自動化
PI-0149,油壓缸,油壓缸,氣油壓元件,氣缸/閥/接頭,零組件,鋼/鋁/塑膠,牌號/尺寸/厚度/硬度/表面處理/包裝量（依品項填寫）,pcs,範疇3 類別1,machinery components,中,可用於品名標準化、分類與排放係數候選匹配；不可直接當作活動數據。,機械/自動化
PI-0150,油壓缸 pcs,油壓缸,氣油壓元件,氣缸/閥/接頭,零組件,鋼/鋁/塑膠,牌號/尺寸/厚度/硬度/表面處理/包裝量（依品項填寫）,pcs,範疇3 類別1,machinery components,中,可用於品名標準化、分類與排放係數候選匹配；不可直接當作活動數據。,機械/自動化
PI-0151,油壓缸 常用規格,油壓缸,氣油壓元件,氣缸/閥/接頭,零組件,鋼/鋁/塑膠,牌號/尺寸/厚度/硬度/表面處理/包裝量（依品項填寫）,pcs,範疇3 類別1,machinery components,中,可用於品名標準化、分類與排放係數候選匹配；不可直接當作活動數據。,機械/自動化
PI-0152,油壓缸-採購,油壓缸,氣油壓元件,氣缸/閥/接頭,零組件,鋼/鋁/塑膠,牌號/尺寸/厚度/硬度/表面處理/包裝量（依品項填寫）,pcs,範疇3 類別1,machinery components,中,可用於品名標準化、分類與排放係數候選匹配；不可直接當作活動數據。,機械/自動化
PI-0153,油壓泵,油壓泵,氣油壓元件,氣缸/閥/接頭,零組件,鋼/鋁/塑膠,牌號/尺寸/厚度/硬度/表面處理/包裝量（依品項填寫）,pcs,範疇3 類別1,machinery components,中,可用於品名標準化、分類與排放係數候選匹配；不可直接當作活動數據。,機械/自動化
PI-0154,油壓泵 pcs,油壓泵,氣油壓元件,氣缸/閥/接頭,零組件,鋼/鋁/塑膠,牌號/尺寸/厚度/硬度/表面處理/包裝量（依品項填寫）,pcs,範疇3 類別1,machinery components,中,可用於品名標準化、分類與排放係數候選匹配；不可直接當作活動數據。,機械/自動化
PI-0155,油壓泵 常用規格,油壓泵,氣油壓元件,氣缸/閥/接頭,零組件,鋼/鋁/塑膠,牌號/尺寸/厚度/硬度/表面處理/包裝量（依品項填寫）,pcs,範疇3 類別1,machinery components,中,可用於品名標準化、分類與排放係數候選匹配；不可直接當作活動數據。,機械/自動化
PI-0156,油壓泵-採購,油壓泵,氣油壓元件,氣缸/閥/接頭,零組件,鋼/鋁/塑膠,牌號/尺寸/厚度/硬度/表面處理/包裝量（依品項填寫）,pcs,範疇3 類別1,machinery components,中,可用於品名標準化、分類與排放係數候選匹配；不可直接當作活動數據。,機械/自動化
PI-0157,油封,油封,氣油壓元件,氣缸/閥/接頭,零組件,鋼/鋁/塑膠,牌號/尺寸/厚度/硬度/表面處理/包裝量（依品項填寫）,pcs,範疇3 類別1,machinery components,中,可用於品名標準化、分類與排放係數候選匹配；不可直接當作活動數據。,機械/自動化
PI-0158,油封 pcs,油封,氣油壓元件,氣缸/閥/接頭,零組件,鋼/鋁/塑膠,牌號/尺寸/厚度/硬度/表面處理/包裝量（依品項填寫）,pcs,範疇3 類別1,machinery components,中,可用於品名標準化、分類與排放係數候選匹配；不可直接當作活動數據。,機械/自動化
PI-0159,油封 常用規格,油封,氣油壓元件,氣缸/閥/接頭,零組件,鋼/鋁/塑膠,牌號/尺寸/厚度/硬度/表面處理/包裝量（依品項填寫）,pcs,範疇3 類別1,machinery components,中,可用於品名標準化、分類與排放係數候選匹配；不可直接當作活動數據。,機械/自動化
PI-0160,油封-採購,油封,氣油壓元件,氣缸/閥/接頭,零組件,鋼/鋁/塑膠,牌號/尺寸/厚度/硬度/表面處理/包裝量（依品項填寫）,pcs,範疇3 類別1,machinery components,中,可用於品名標準化、分類與排放係數候選匹配；不可直接當作活動數據。,機械/自動化
PI-0161,三相感應馬達,三相感應馬達,電機電控,馬達/感測/控制,零組件,銅/鋼/電子元件,牌號/尺寸/厚度/硬度/表面處理/包裝量（依品項填寫）,pcs,範疇3 類別1,electrical equipment,中,可用於品名標準化、分類與排放係數候選匹配；不可直接當作活動數據。,機械/電子/工程
PI-0162,三相感應馬達 pcs,三相感應馬達,電機電控,馬達/感測/控制,零組件,銅/鋼/電子元件,牌號/尺寸/厚度/硬度/表面處理/包裝量（依品項填寫）,pcs,範疇3 類別1,electrical equipment,中,可用於品名標準化、分類與排放係數候選匹配；不可直接當作活動數據。,機械/電子/工程
PI-0163,三相感應馬達 常用規格,三相感應馬達,電機電控,馬達/感測/控制,零組件,銅/鋼/電子元件,牌號/尺寸/厚度/硬度/表面處理/包裝量（依品項填寫）,pcs,範疇3 類別1,electrical equipment,中,可用於品名標準化、分類與排放係數候選匹配；不可直接當作活動數據。,機械/電子/工程
PI-0164,三相感應馬達-採購,三相感應馬達,電機電控,馬達/感測/控制,零組件,銅/鋼/電子元件,牌號/尺寸/厚度/硬度/表面處理/包裝量（依品項填寫）,pcs,範疇3 類別1,electrical equipment,中,可用於品名標準化、分類與排放係數候選匹配；不可直接當作活動數據。,機械/電子/工程
PI-0165,伺服馬達,伺服馬達,電機電控,馬達/感測/控制,零組件,銅/鋼/電子元件,牌號/尺寸/厚度/硬度/表面處理/包裝量（依品項填寫）,pcs,範疇3 類別1,electrical equipment,中,可用於品名標準化、分類與排放係數候選匹配；不可直接當作活動數據。,機械/電子/工程
PI-0166,伺服馬達 pcs,伺服馬達,電機電控,馬達/感測/控制,零組件,銅/鋼/電子元件,牌號/尺寸/厚度/硬度/表面處理/包裝量（依品項填寫）,pcs,範疇3 類別1,electrical equipment,中,可用於品名標準化、分類與排放係數候選匹配；不可直接當作活動數據。,機械/電子/工程
PI-0167,伺服馬達 常用規格,伺服馬達,電機電控,馬達/感測/控制,零組件,銅/鋼/電子元件,牌號/尺寸/厚度/硬度/表面處理/包裝量（依品項填寫）,pcs,範疇3 類別1,electrical equipment,中,可用於品名標準化、分類與排放係數候選匹配；不可直接當作活動數據。,機械/電子/工程
PI-0168,伺服馬達-採購,伺服馬達,電機電控,馬達/感測/控制,零組件,銅/鋼/電子元件,牌號/尺寸/厚度/硬度/表面處理/包裝量（依品項填寫）,pcs,範疇3 類別1,electrical equipment,中,可用於品名標準化、分類與排放係數候選匹配；不可直接當作活動數據。,機械/電子/工程
PI-0169,步進馬達,步進馬達,電機電控,馬達/感測/控制,零組件,銅/鋼/電子元件,牌號/尺寸/厚度/硬度/表面處理/包裝量（依品項填寫）,pcs,範疇3 類別1,electrical equipment,中,可用於品名標準化、分類與排放係數候選匹配；不可直接當作活動數據。,機械/電子/工程
PI-0170,步進馬達 pcs,步進馬達,電機電控,馬達/感測/控制,零組件,銅/鋼/電子元件,牌號/尺寸/厚度/硬度/表面處理/包裝量（依品項填寫）,pcs,範疇3 類別1,electrical equipment,中,可用於品名標準化、分類與排放係數候選匹配；不可直接當作活動數據。,機械/電子/工程
PI-0171,步進馬達 常用規格,步進馬達,電機電控,馬達/感測/控制,零組件,銅/鋼/電子元件,牌號/尺寸/厚度/硬度/表面處理/包裝量（依品項填寫）,pcs,範疇3 類別1,electrical equipment,中,可用於品名標準化、分類與排放係數候選匹配；不可直接當作活動數據。,機械/電子/工程
PI-0172,步進馬達-採購,步進馬達,電機電控,馬達/感測/控制,零組件,銅/鋼/電子元件,牌號/尺寸/厚度/硬度/表面處理/包裝量（依品項填寫）,pcs,範疇3 類別1,electrical equipment,中,可用於品名標準化、分類與排放係數候選匹配；不可直接當作活動數據。,機械/電子/工程
PI-0173,變頻器,變頻器,電機電控,馬達/感測/控制,零組件,銅/鋼/電子元件,牌號/尺寸/厚度/硬度/表面處理/包裝量（依品項填寫）,pcs,範疇3 類別1,electrical equipment,中,可用於品名標準化、分類與排放係數候選匹配；不可直接當作活動數據。,機械/電子/工程
PI-0174,變頻器 pcs,變頻器,電機電控,馬達/感測/控制,零組件,銅/鋼/電子元件,牌號/尺寸/厚度/硬度/表面處理/包裝量（依品項填寫）,pcs,範疇3 類別1,electrical equipment,中,可用於品名標準化、分類與排放係數候選匹配；不可直接當作活動數據。,機械/電子/工程
PI-0175,變頻器 常用規格,變頻器,電機電控,馬達/感測/控制,零組件,銅/鋼/電子元件,牌號/尺寸/厚度/硬度/表面處理/包裝量（依品項填寫）,pcs,範疇3 類別1,electrical equipment,中,可用於品名標準化、分類與排放係數候選匹配；不可直接當作活動數據。,機械/電子/工程
PI-0176,變頻器-採購,變頻器,電機電控,馬達/感測/控制,零組件,銅/鋼/電子元件,牌號/尺寸/厚度/硬度/表面處理/包裝量（依品項填寫）,pcs,範疇3 類別1,electrical equipment,中,可用於品名標準化、分類與排放係數候選匹配；不可直接當作活動數據。,機械/電子/工程
PI-0177,可程式控制器PLC,可程式控制器PLC,電機電控,馬達/感測/控制,零組件,銅/鋼/電子元件,牌號/尺寸/厚度/硬度/表面處理/包裝量（依品項填寫）,pcs,範疇3 類別1,electrical equipment,中,可用於品名標準化、分類與排放係數候選匹配；不可直接當作活動數據。,機械/電子/工程
PI-0178,可程式控制器PLC pcs,可程式控制器PLC,電機電控,馬達/感測/控制,零組件,銅/鋼/電子元件,牌號/尺寸/厚度/硬度/表面處理/包裝量（依品項填寫）,pcs,範疇3 類別1,electrical equipment,中,可用於品名標準化、分類與排放係數候選匹配；不可直接當作活動數據。,機械/電子/工程
PI-0179,可程式控制器PLC 常用規格,可程式控制器PLC,電機電控,馬達/感測/控制,零組件,銅/鋼/電子元件,牌號/尺寸/厚度/硬度/表面處理/包裝量（依品項填寫）,pcs,範疇3 類別1,electrical equipment,中,可用於品名標準化、分類與排放係數候選匹配；不可直接當作活動數據。,機械/電子/工程
PI-0180,可程式控制器PLC-採購,可程式控制器PLC,電機電控,馬達/感測/控制,零組件,銅/鋼/電子元件,牌號/尺寸/厚度/硬度/表面處理/包裝量（依品項填寫）,pcs,範疇3 類別1,electrical equipment,中,可用於品名標準化、分類與排放係數候選匹配；不可直接當作活動數據。,機械/電子/工程
PI-0181,光電感測器,光電感測器,電機電控,馬達/感測/控制,零組件,銅/鋼/電子元件,牌號/尺寸/厚度/硬度/表面處理/包裝量（依品項填寫）,pcs,範疇3 類別1,electrical equipment,中,可用於品名標準化、分類與排放係數候選匹配；不可直接當作活動數據。,機械/電子/工程
PI-0182,光電感測器 pcs,光電感測器,電機電控,馬達/感測/控制,零組件,銅/鋼/電子元件,牌號/尺寸/厚度/硬度/表面處理/包裝量（依品項填寫）,pcs,範疇3 類別1,electrical equipment,中,可用於品名標準化、分類與排放係數候選匹配；不可直接當作活動數據。,機械/電子/工程
PI-0183,光電感測器 常用規格,光電感測器,電機電控,馬達/感測/控制,零組件,銅/鋼/電子元件,牌號/尺寸/厚度/硬度/表面處理/包裝量（依品項填寫）,pcs,範疇3 類別1,electrical equipment,中,可用於品名標準化、分類與排放係數候選匹配；不可直接當作活動數據。,機械/電子/工程
PI-0184,光電感測器-採購,光電感測器,電機電控,馬達/感測/控制,零組件,銅/鋼/電子元件,牌號/尺寸/厚度/硬度/表面處理/包裝量（依品項填寫）,pcs,範疇3 類別1,electrical equipment,中,可用於品名標準化、分類與排放係數候選匹配；不可直接當作活動數據。,機械/電子/工程
PI-0185,近接感測器,近接感測器,電機電控,馬達/感測/控制,零組件,銅/鋼/電子元件,牌號/尺寸/厚度/硬度/表面處理/包裝量（依品項填寫）,pcs,範疇3 類別1,electrical equipment,中,可用於品名標準化、分類與排放係數候選匹配；不可直接當作活動數據。,機械/電子/工程
PI-0186,近接感測器 pcs,近接感測器,電機電控,馬達/感測/控制,零組件,銅/鋼/電子元件,牌號/尺寸/厚度/硬度/表面處理/包裝量（依品項填寫）,pcs,範疇3 類別1,electrical equipment,中,可用於品名標準化、分類與排放係數候選匹配；不可直接當作活動數據。,機械/電子/工程
PI-0187,近接感測器 常用規格,近接感測器,電機電控,馬達/感測/控制,零組件,銅/鋼/電子元件,牌號/尺寸/厚度/硬度/表面處理/包裝量（依品項填寫）,pcs,範疇3 類別1,electrical equipment,中,可用於品名標準化、分類與排放係數候選匹配；不可直接當作活動數據。,機械/電子/工程
PI-0188,近接感測器-採購,近接感測器,電機電控,馬達/感測/控制,零組件,銅/鋼/電子元件,牌號/尺寸/厚度/硬度/表面處理/包裝量（依品項填寫）,pcs,範疇3 類別1,electrical equipment,中,可用於品名標準化、分類與排放係數候選匹配；不可直接當作活動數據。,機械/電子/工程
PI-0189,電磁接觸器,電磁接觸器,電機電控,馬達/感測/控制,零組件,銅/鋼/電子元件,牌號/尺寸/厚度/硬度/表面處理/包裝量（依品項填寫）,pcs,範疇3 類別1,electrical equipment,中,可用於品名標準化、分類與排放係數候選匹配；不可直接當作活動數據。,機械/電子/工程
PI-0190,電磁接觸器 pcs,電磁接觸器,電機電控,馬達/感測/控制,零組件,銅/鋼/電子元件,牌號/尺寸/厚度/硬度/表面處理/包裝量（依品項填寫）,pcs,範疇3 類別1,electrical equipment,中,可用於品名標準化、分類與排放係數候選匹配；不可直接當作活動數據。,機械/電子/工程
PI-0191,電磁接觸器 常用規格,電磁接觸器,電機電控,馬達/感測/控制,零組件,銅/鋼/電子元件,牌號/尺寸/厚度/硬度/表面處理/包裝量（依品項填寫）,pcs,範疇3 類別1,electrical equipment,中,可用於品名標準化、分類與排放係數候選匹配；不可直接當作活動數據。,機械/電子/工程
PI-0192,電磁接觸器-採購,電磁接觸器,電機電控,馬達/感測/控制,零組件,銅/鋼/電子元件,牌號/尺寸/厚度/硬度/表面處理/包裝量（依品項填寫）,pcs,範疇3 類別1,electrical equipment,中,可用於品名標準化、分類與排放係數候選匹配；不可直接當作活動數據。,機械/電子/工程
PI-0193,無熔絲開關,無熔絲開關,電機電控,馬達/感測/控制,零組件,銅/鋼/電子元件,牌號/尺寸/厚度/硬度/表面處理/包裝量（依品項填寫）,pcs,範疇3 類別1,electrical equipment,中,可用於品名標準化、分類與排放係數候選匹配；不可直接當作活動數據。,機械/電子/工程
PI-0194,無熔絲開關 pcs,無熔絲開關,電機電控,馬達/感測/控制,零組件,銅/鋼/電子元件,牌號/尺寸/厚度/硬度/表面處理/包裝量（依品項填寫）,pcs,範疇3 類別1,electrical equipment,中,可用於品名標準化、分類與排放係數候選匹配；不可直接當作活動數據。,機械/電子/工程
PI-0195,無熔絲開關 常用規格,無熔絲開關,電機電控,馬達/感測/控制,零組件,銅/鋼/電子元件,牌號/尺寸/厚度/硬度/表面處理/包裝量（依品項填寫）,pcs,範疇3 類別1,electrical equipment,中,可用於品名標準化、分類與排放係數候選匹配；不可直接當作活動數據。,機械/電子/工程
PI-0196,無熔絲開關-採購,無熔絲開關,電機電控,馬達/感測/控制,零組件,銅/鋼/電子元件,牌號/尺寸/厚度/硬度/表面處理/包裝量（依品項填寫）,pcs,範疇3 類別1,electrical equipment,中,可用於品名標準化、分類與排放係數候選匹配；不可直接當作活動數據。,機械/電子/工程
PI-0197,工業電源供應器,工業電源供應器,電機電控,馬達/感測/控制,零組件,銅/鋼/電子元件,牌號/尺寸/厚度/硬度/表面處理/包裝量（依品項填寫）,pcs,範疇3 類別1,electrical equipment,中,可用於品名標準化、分類與排放係數候選匹配；不可直接當作活動數據。,機械/電子/工程
PI-0198,工業電源供應器 pcs,工業電源供應器,電機電控,馬達/感測/控制,零組件,銅/鋼/電子元件,牌號/尺寸/厚度/硬度/表面處理/包裝量（依品項填寫）,pcs,範疇3 類別1,electrical equipment,中,可用於品名標準化、分類與排放係數候選匹配；不可直接當作活動數據。,機械/電子/工程
PI-0199,工業電源供應器 常用規格,工業電源供應器,電機電控,馬達/感測/控制,零組件,銅/鋼/電子元件,牌號/尺寸/厚度/硬度/表面處理/包裝量（依品項填寫）,pcs,範疇3 類別1,electrical equipment,中,可用於品名標準化、分類與排放係數候選匹配；不可直接當作活動數據。,機械/電子/工程
PI-0200,工業電源供應器-採購,工業電源供應器,電機電控,馬達/感測/控制,零組件,銅/鋼/電子元件,牌號/尺寸/厚度/硬度/表面處理/包裝量（依品項填寫）,pcs,範疇3 類別1,electrical equipment,中,可用於品名標準化、分類與排放係數候選匹配；不可直接當作活動數據。,機械/電子/工程
PI-0201,鎢鋼立銑刀,鎢鋼立銑刀,刀具磨料,切削/研磨耗材,耗材,工具鋼/鎢鋼/磨料,牌號/尺寸/厚度/硬度/表面處理/包裝量（依品項填寫）,pcs,範疇3 類別1,tools / abrasives,中,可用於品名標準化、分類與排放係數候選匹配；不可直接當作活動數據。,金屬加工/機械
PI-0202,鎢鋼立銑刀 pcs,鎢鋼立銑刀,刀具磨料,切削/研磨耗材,耗材,工具鋼/鎢鋼/磨料,牌號/尺寸/厚度/硬度/表面處理/包裝量（依品項填寫）,pcs,範疇3 類別1,tools / abrasives,中,可用於品名標準化、分類與排放係數候選匹配；不可直接當作活動數據。,金屬加工/機械
PI-0203,鎢鋼立銑刀 常用規格,鎢鋼立銑刀,刀具磨料,切削/研磨耗材,耗材,工具鋼/鎢鋼/磨料,牌號/尺寸/厚度/硬度/表面處理/包裝量（依品項填寫）,pcs,範疇3 類別1,tools / abrasives,中,可用於品名標準化、分類與排放係數候選匹配；不可直接當作活動數據。,金屬加工/機械
PI-0204,鎢鋼立銑刀-採購,鎢鋼立銑刀,刀具磨料,切削/研磨耗材,耗材,工具鋼/鎢鋼/磨料,牌號/尺寸/厚度/硬度/表面處理/包裝量（依品項填寫）,pcs,範疇3 類別1,tools / abrasives,中,可用於品名標準化、分類與排放係數候選匹配；不可直接當作活動數據。,金屬加工/機械
PI-0205,高速鋼鑽頭,高速鋼鑽頭,刀具磨料,切削/研磨耗材,耗材,工具鋼/鎢鋼/磨料,牌號/尺寸/厚度/硬度/表面處理/包裝量（依品項填寫）,pcs,範疇3 類別1,tools / abrasives,中,可用於品名標準化、分類與排放係數候選匹配；不可直接當作活動數據。,金屬加工/機械
PI-0206,高速鋼鑽頭 pcs,高速鋼鑽頭,刀具磨料,切削/研磨耗材,耗材,工具鋼/鎢鋼/磨料,牌號/尺寸/厚度/硬度/表面處理/包裝量（依品項填寫）,pcs,範疇3 類別1,tools / abrasives,中,可用於品名標準化、分類與排放係數候選匹配；不可直接當作活動數據。,金屬加工/機械
PI-0207,高速鋼鑽頭 常用規格,高速鋼鑽頭,刀具磨料,切削/研磨耗材,耗材,工具鋼/鎢鋼/磨料,牌號/尺寸/厚度/硬度/表面處理/包裝量（依品項填寫）,pcs,範疇3 類別1,tools / abrasives,中,可用於品名標準化、分類與排放係數候選匹配；不可直接當作活動數據。,金屬加工/機械
PI-0208,高速鋼鑽頭-採購,高速鋼鑽頭,刀具磨料,切削/研磨耗材,耗材,工具鋼/鎢鋼/磨料,牌號/尺寸/厚度/硬度/表面處理/包裝量（依品項填寫）,pcs,範疇3 類別1,tools / abrasives,中,可用於品名標準化、分類與排放係數候選匹配；不可直接當作活動數據。,金屬加工/機械
PI-0209,車刀片,車刀片,刀具磨料,切削/研磨耗材,耗材,工具鋼/鎢鋼/磨料,牌號/尺寸/厚度/硬度/表面處理/包裝量（依品項填寫）,pcs,範疇3 類別1,tools / abrasives,中,可用於品名標準化、分類與排放係數候選匹配；不可直接當作活動數據。,金屬加工/機械
PI-0210,車刀片 pcs,車刀片,刀具磨料,切削/研磨耗材,耗材,工具鋼/鎢鋼/磨料,牌號/尺寸/厚度/硬度/表面處理/包裝量（依品項填寫）,pcs,範疇3 類別1,tools / abrasives,中,可用於品名標準化、分類與排放係數候選匹配；不可直接當作活動數據。,金屬加工/機械
PI-0211,車刀片 常用規格,車刀片,刀具磨料,切削/研磨耗材,耗材,工具鋼/鎢鋼/磨料,牌號/尺寸/厚度/硬度/表面處理/包裝量（依品項填寫）,pcs,範疇3 類別1,tools / abrasives,中,可用於品名標準化、分類與排放係數候選匹配；不可直接當作活動數據。,金屬加工/機械
PI-0212,車刀片-採購,車刀片,刀具磨料,切削/研磨耗材,耗材,工具鋼/鎢鋼/磨料,牌號/尺寸/厚度/硬度/表面處理/包裝量（依品項填寫）,pcs,範疇3 類別1,tools / abrasives,中,可用於品名標準化、分類與排放係數候選匹配；不可直接當作活動數據。,金屬加工/機械
PI-0213,螺絲攻,螺絲攻,刀具磨料,切削/研磨耗材,耗材,工具鋼/鎢鋼/磨料,牌號/尺寸/厚度/硬度/表面處理/包裝量（依品項填寫）,pcs,範疇3 類別1,tools / abrasives,中,可用於品名標準化、分類與排放係數候選匹配；不可直接當作活動數據。,金屬加工/機械
PI-0214,螺絲攻 pcs,螺絲攻,刀具磨料,切削/研磨耗材,耗材,工具鋼/鎢鋼/磨料,牌號/尺寸/厚度/硬度/表面處理/包裝量（依品項填寫）,pcs,範疇3 類別1,tools / abrasives,中,可用於品名標準化、分類與排放係數候選匹配；不可直接當作活動數據。,金屬加工/機械
PI-0215,螺絲攻 常用規格,螺絲攻,刀具磨料,切削/研磨耗材,耗材,工具鋼/鎢鋼/磨料,牌號/尺寸/厚度/硬度/表面處理/包裝量（依品項填寫）,pcs,範疇3 類別1,tools / abrasives,中,可用於品名標準化、分類與排放係數候選匹配；不可直接當作活動數據。,金屬加工/機械
PI-0216,螺絲攻-採購,螺絲攻,刀具磨料,切削/研磨耗材,耗材,工具鋼/鎢鋼/磨料,牌號/尺寸/厚度/硬度/表面處理/包裝量（依品項填寫）,pcs,範疇3 類別1,tools / abrasives,中,可用於品名標準化、分類與排放係數候選匹配；不可直接當作活動數據。,金屬加工/機械
PI-0217,砂輪片,砂輪片,刀具磨料,切削/研磨耗材,耗材,工具鋼/鎢鋼/磨料,牌號/尺寸/厚度/硬度/表面處理/包裝量（依品項填寫）,pcs,範疇3 類別1,tools / abrasives,中,可用於品名標準化、分類與排放係數候選匹配；不可直接當作活動數據。,金屬加工/機械
PI-0218,砂輪片 pcs,砂輪片,刀具磨料,切削/研磨耗材,耗材,工具鋼/鎢鋼/磨料,牌號/尺寸/厚度/硬度/表面處理/包裝量（依品項填寫）,pcs,範疇3 類別1,tools / abrasives,中,可用於品名標準化、分類與排放係數候選匹配；不可直接當作活動數據。,金屬加工/機械
PI-0219,砂輪片 常用規格,砂輪片,刀具磨料,切削/研磨耗材,耗材,工具鋼/鎢鋼/磨料,牌號/尺寸/厚度/硬度/表面處理/包裝量（依品項填寫）,pcs,範疇3 類別1,tools / abrasives,中,可用於品名標準化、分類與排放係數候選匹配；不可直接當作活動數據。,金屬加工/機械
PI-0220,砂輪片-採購,砂輪片,刀具磨料,切削/研磨耗材,耗材,工具鋼/鎢鋼/磨料,牌號/尺寸/厚度/硬度/表面處理/包裝量（依品項填寫）,pcs,範疇3 類別1,tools / abrasives,中,可用於品名標準化、分類與排放係數候選匹配；不可直接當作活動數據。,金屬加工/機械
PI-0221,切斷砂輪,切斷砂輪,刀具磨料,切削/研磨耗材,耗材,工具鋼/鎢鋼/磨料,牌號/尺寸/厚度/硬度/表面處理/包裝量（依品項填寫）,pcs,範疇3 類別1,tools / abrasives,中,可用於品名標準化、分類與排放係數候選匹配；不可直接當作活動數據。,金屬加工/機械
PI-0222,切斷砂輪 pcs,切斷砂輪,刀具磨料,切削/研磨耗材,耗材,工具鋼/鎢鋼/磨料,牌號/尺寸/厚度/硬度/表面處理/包裝量（依品項填寫）,pcs,範疇3 類別1,tools / abrasives,中,可用於品名標準化、分類與排放係數候選匹配；不可直接當作活動數據。,金屬加工/機械
PI-0223,切斷砂輪 常用規格,切斷砂輪,刀具磨料,切削/研磨耗材,耗材,工具鋼/鎢鋼/磨料,牌號/尺寸/厚度/硬度/表面處理/包裝量（依品項填寫）,pcs,範疇3 類別1,tools / abrasives,中,可用於品名標準化、分類與排放係數候選匹配；不可直接當作活動數據。,金屬加工/機械
PI-0224,切斷砂輪-採購,切斷砂輪,刀具磨料,切削/研磨耗材,耗材,工具鋼/鎢鋼/磨料,牌號/尺寸/厚度/硬度/表面處理/包裝量（依品項填寫）,pcs,範疇3 類別1,tools / abrasives,中,可用於品名標準化、分類與排放係數候選匹配；不可直接當作活動數據。,金屬加工/機械
PI-0225,百葉砂輪片,百葉砂輪片,刀具磨料,切削/研磨耗材,耗材,工具鋼/鎢鋼/磨料,牌號/尺寸/厚度/硬度/表面處理/包裝量（依品項填寫）,pcs,範疇3 類別1,tools / abrasives,中,可用於品名標準化、分類與排放係數候選匹配；不可直接當作活動數據。,金屬加工/機械
PI-0226,百葉砂輪片 pcs,百葉砂輪片,刀具磨料,切削/研磨耗材,耗材,工具鋼/鎢鋼/磨料,牌號/尺寸/厚度/硬度/表面處理/包裝量（依品項填寫）,pcs,範疇3 類別1,tools / abrasives,中,可用於品名標準化、分類與排放係數候選匹配；不可直接當作活動數據。,金屬加工/機械
PI-0227,百葉砂輪片 常用規格,百葉砂輪片,刀具磨料,切削/研磨耗材,耗材,工具鋼/鎢鋼/磨料,牌號/尺寸/厚度/硬度/表面處理/包裝量（依品項填寫）,pcs,範疇3 類別1,tools / abrasives,中,可用於品名標準化、分類與排放係數候選匹配；不可直接當作活動數據。,金屬加工/機械
PI-0228,百葉砂輪片-採購,百葉砂輪片,刀具磨料,切削/研磨耗材,耗材,工具鋼/鎢鋼/磨料,牌號/尺寸/厚度/硬度/表面處理/包裝量（依品項填寫）,pcs,範疇3 類別1,tools / abrasives,中,可用於品名標準化、分類與排放係數候選匹配；不可直接當作活動數據。,金屬加工/機械
PI-0229,研磨帶,研磨帶,刀具磨料,切削/研磨耗材,耗材,工具鋼/鎢鋼/磨料,牌號/尺寸/厚度/硬度/表面處理/包裝量（依品項填寫）,pcs,範疇3 類別1,tools / abrasives,中,可用於品名標準化、分類與排放係數候選匹配；不可直接當作活動數據。,金屬加工/機械
PI-0230,研磨帶 pcs,研磨帶,刀具磨料,切削/研磨耗材,耗材,工具鋼/鎢鋼/磨料,牌號/尺寸/厚度/硬度/表面處理/包裝量（依品項填寫）,pcs,範疇3 類別1,tools / abrasives,中,可用於品名標準化、分類與排放係數候選匹配；不可直接當作活動數據。,金屬加工/機械
PI-0231,研磨帶 常用規格,研磨帶,刀具磨料,切削/研磨耗材,耗材,工具鋼/鎢鋼/磨料,牌號/尺寸/厚度/硬度/表面處理/包裝量（依品項填寫）,pcs,範疇3 類別1,tools / abrasives,中,可用於品名標準化、分類與排放係數候選匹配；不可直接當作活動數據。,金屬加工/機械
PI-0232,研磨帶-採購,研磨帶,刀具磨料,切削/研磨耗材,耗材,工具鋼/鎢鋼/磨料,牌號/尺寸/厚度/硬度/表面處理/包裝量（依品項填寫）,pcs,範疇3 類別1,tools / abrasives,中,可用於品名標準化、分類與排放係數候選匹配；不可直接當作活動數據。,金屬加工/機械
PI-0233,拋光輪,拋光輪,刀具磨料,切削/研磨耗材,耗材,工具鋼/鎢鋼/磨料,牌號/尺寸/厚度/硬度/表面處理/包裝量（依品項填寫）,pcs,範疇3 類別1,tools / abrasives,中,可用於品名標準化、分類與排放係數候選匹配；不可直接當作活動數據。,金屬加工/機械
PI-0234,拋光輪 pcs,拋光輪,刀具磨料,切削/研磨耗材,耗材,工具鋼/鎢鋼/磨料,牌號/尺寸/厚度/硬度/表面處理/包裝量（依品項填寫）,pcs,範疇3 類別1,tools / abrasives,中,可用於品名標準化、分類與排放係數候選匹配；不可直接當作活動數據。,金屬加工/機械
PI-0235,拋光輪 常用規格,拋光輪,刀具磨料,切削/研磨耗材,耗材,工具鋼/鎢鋼/磨料,牌號/尺寸/厚度/硬度/表面處理/包裝量（依品項填寫）,pcs,範疇3 類別1,tools / abrasives,中,可用於品名標準化、分類與排放係數候選匹配；不可直接當作活動數據。,金屬加工/機械
PI-0236,拋光輪-採購,拋光輪,刀具磨料,切削/研磨耗材,耗材,工具鋼/鎢鋼/磨料,牌號/尺寸/厚度/硬度/表面處理/包裝量（依品項填寫）,pcs,範疇3 類別1,tools / abrasives,中,可用於品名標準化、分類與排放係數候選匹配；不可直接當作活動數據。,金屬加工/機械
PI-0237,鑽石膏,鑽石膏,刀具磨料,切削/研磨耗材,耗材,工具鋼/鎢鋼/磨料,牌號/尺寸/厚度/硬度/表面處理/包裝量（依品項填寫）,pcs,範疇3 類別1,tools / abrasives,中,可用於品名標準化、分類與排放係數候選匹配；不可直接當作活動數據。,金屬加工/機械
PI-0238,鑽石膏 pcs,鑽石膏,刀具磨料,切削/研磨耗材,耗材,工具鋼/鎢鋼/磨料,牌號/尺寸/厚度/硬度/表面處理/包裝量（依品項填寫）,pcs,範疇3 類別1,tools / abrasives,中,可用於品名標準化、分類與排放係數候選匹配；不可直接當作活動數據。,金屬加工/機械
PI-0239,鑽石膏 常用規格,鑽石膏,刀具磨料,切削/研磨耗材,耗材,工具鋼/鎢鋼/磨料,牌號/尺寸/厚度/硬度/表面處理/包裝量（依品項填寫）,pcs,範疇3 類別1,tools / abrasives,中,可用於品名標準化、分類與排放係數候選匹配；不可直接當作活動數據。,金屬加工/機械
PI-0240,鑽石膏-採購,鑽石膏,刀具磨料,切削/研磨耗材,耗材,工具鋼/鎢鋼/磨料,牌號/尺寸/厚度/硬度/表面處理/包裝量（依品項填寫）,pcs,範疇3 類別1,tools / abrasives,中,可用於品名標準化、分類與排放係數候選匹配；不可直接當作活動數據。,金屬加工/機械
PI-0241,切削油,切削油,化學與潤滑,油品/清洗/表處,耗材,石油化學品,牌號/尺寸/厚度/硬度/表面處理/包裝量（依品項填寫）,L,範疇3 類別1,lubricant / industrial chemicals,中,可用於品名標準化、分類與排放係數候選匹配；不可直接當作活動數據。,金屬加工/機械/塑橡膠
PI-0242,切削油 L,切削油,化學與潤滑,油品/清洗/表處,耗材,石油化學品,牌號/尺寸/厚度/硬度/表面處理/包裝量（依品項填寫）,L,範疇3 類別1,lubricant / industrial chemicals,中,可用於品名標準化、分類與排放係數候選匹配；不可直接當作活動數據。,金屬加工/機械/塑橡膠
PI-0243,切削油 常用規格,切削油,化學與潤滑,油品/清洗/表處,耗材,石油化學品,牌號/尺寸/厚度/硬度/表面處理/包裝量（依品項填寫）,L,範疇3 類別1,lubricant / industrial chemicals,中,可用於品名標準化、分類與排放係數候選匹配；不可直接當作活動數據。,金屬加工/機械/塑橡膠
PI-0244,切削油-採購,切削油,化學與潤滑,油品/清洗/表處,耗材,石油化學品,牌號/尺寸/厚度/硬度/表面處理/包裝量（依品項填寫）,L,範疇3 類別1,lubricant / industrial chemicals,中,可用於品名標準化、分類與排放係數候選匹配；不可直接當作活動數據。,金屬加工/機械/塑橡膠
PI-0245,水溶性切削液,水溶性切削液,化學與潤滑,油品/清洗/表處,耗材,石油化學品,牌號/尺寸/厚度/硬度/表面處理/包裝量（依品項填寫）,L,範疇3 類別1,lubricant / industrial chemicals,中,可用於品名標準化、分類與排放係數候選匹配；不可直接當作活動數據。,金屬加工/機械/塑橡膠
PI-0246,水溶性切削液 L,水溶性切削液,化學與潤滑,油品/清洗/表處,耗材,石油化學品,牌號/尺寸/厚度/硬度/表面處理/包裝量（依品項填寫）,L,範疇3 類別1,lubricant / industrial chemicals,中,可用於品名標準化、分類與排放係數候選匹配；不可直接當作活動數據。,金屬加工/機械/塑橡膠
PI-0247,水溶性切削液 常用規格,水溶性切削液,化學與潤滑,油品/清洗/表處,耗材,石油化學品,牌號/尺寸/厚度/硬度/表面處理/包裝量（依品項填寫）,L,範疇3 類別1,lubricant / industrial chemicals,中,可用於品名標準化、分類與排放係數候選匹配；不可直接當作活動數據。,金屬加工/機械/塑橡膠
PI-0248,水溶性切削液-採購,水溶性切削液,化學與潤滑,油品/清洗/表處,耗材,石油化學品,牌號/尺寸/厚度/硬度/表面處理/包裝量（依品項填寫）,L,範疇3 類別1,lubricant / industrial chemicals,中,可用於品名標準化、分類與排放係數候選匹配；不可直接當作活動數據。,金屬加工/機械/塑橡膠
PI-0249,液壓油,液壓油,化學與潤滑,油品/清洗/表處,耗材,石油化學品,牌號/尺寸/厚度/硬度/表面處理/包裝量（依品項填寫）,L,範疇3 類別1,lubricant / industrial chemicals,中,可用於品名標準化、分類與排放係數候選匹配；不可直接當作活動數據。,金屬加工/機械/塑橡膠
PI-0250,液壓油 L,液壓油,化學與潤滑,油品/清洗/表處,耗材,石油化學品,牌號/尺寸/厚度/硬度/表面處理/包裝量（依品項填寫）,L,範疇3 類別1,lubricant / industrial chemicals,中,可用於品名標準化、分類與排放係數候選匹配；不可直接當作活動數據。,金屬加工/機械/塑橡膠
PI-0251,液壓油 常用規格,液壓油,化學與潤滑,油品/清洗/表處,耗材,石油化學品,牌號/尺寸/厚度/硬度/表面處理/包裝量（依品項填寫）,L,範疇3 類別1,lubricant / industrial chemicals,中,可用於品名標準化、分類與排放係數候選匹配；不可直接當作活動數據。,金屬加工/機械/塑橡膠
PI-0252,液壓油-採購,液壓油,化學與潤滑,油品/清洗/表處,耗材,石油化學品,牌號/尺寸/厚度/硬度/表面處理/包裝量（依品項填寫）,L,範疇3 類別1,lubricant / industrial chemicals,中,可用於品名標準化、分類與排放係數候選匹配；不可直接當作活動數據。,金屬加工/機械/塑橡膠
PI-0253,齒輪油,齒輪油,化學與潤滑,油品/清洗/表處,耗材,石油化學品,牌號/尺寸/厚度/硬度/表面處理/包裝量（依品項填寫）,L,範疇3 類別1,lubricant / industrial chemicals,中,可用於品名標準化、分類與排放係數候選匹配；不可直接當作活動數據。,金屬加工/機械/塑橡膠
PI-0254,齒輪油 L,齒輪油,化學與潤滑,油品/清洗/表處,耗材,石油化學品,牌號/尺寸/厚度/硬度/表面處理/包裝量（依品項填寫）,L,範疇3 類別1,lubricant / industrial chemicals,中,可用於品名標準化、分類與排放係數候選匹配；不可直接當作活動數據。,金屬加工/機械/塑橡膠
PI-0255,齒輪油 常用規格,齒輪油,化學與潤滑,油品/清洗/表處,耗材,石油化學品,牌號/尺寸/厚度/硬度/表面處理/包裝量（依品項填寫）,L,範疇3 類別1,lubricant / industrial chemicals,中,可用於品名標準化、分類與排放係數候選匹配；不可直接當作活動數據。,金屬加工/機械/塑橡膠
PI-0256,齒輪油-採購,齒輪油,化學與潤滑,油品/清洗/表處,耗材,石油化學品,牌號/尺寸/厚度/硬度/表面處理/包裝量（依品項填寫）,L,範疇3 類別1,lubricant / industrial chemicals,中,可用於品名標準化、分類與排放係數候選匹配；不可直接當作活動數據。,金屬加工/機械/塑橡膠
PI-0257,防鏽油,防鏽油,化學與潤滑,油品/清洗/表處,耗材,石油化學品,牌號/尺寸/厚度/硬度/表面處理/包裝量（依品項填寫）,L,範疇3 類別1,lubricant / industrial chemicals,中,可用於品名標準化、分類與排放係數候選匹配；不可直接當作活動數據。,金屬加工/機械/塑橡膠
PI-0258,防鏽油 L,防鏽油,化學與潤滑,油品/清洗/表處,耗材,石油化學品,牌號/尺寸/厚度/硬度/表面處理/包裝量（依品項填寫）,L,範疇3 類別1,lubricant / industrial chemicals,中,可用於品名標準化、分類與排放係數候選匹配；不可直接當作活動數據。,金屬加工/機械/塑橡膠
PI-0259,防鏽油 常用規格,防鏽油,化學與潤滑,油品/清洗/表處,耗材,石油化學品,牌號/尺寸/厚度/硬度/表面處理/包裝量（依品項填寫）,L,範疇3 類別1,lubricant / industrial chemicals,中,可用於品名標準化、分類與排放係數候選匹配；不可直接當作活動數據。,金屬加工/機械/塑橡膠
PI-0260,防鏽油-採購,防鏽油,化學與潤滑,油品/清洗/表處,耗材,石油化學品,牌號/尺寸/厚度/硬度/表面處理/包裝量（依品項填寫）,L,範疇3 類別1,lubricant / industrial chemicals,中,可用於品名標準化、分類與排放係數候選匹配；不可直接當作活動數據。,金屬加工/機械/塑橡膠
PI-0261,工業清洗劑,工業清洗劑,化學與潤滑,油品/清洗/表處,耗材,石油化學品,牌號/尺寸/厚度/硬度/表面處理/包裝量（依品項填寫）,L,範疇3 類別1,lubricant / industrial chemicals,中,可用於品名標準化、分類與排放係數候選匹配；不可直接當作活動數據。,金屬加工/機械/塑橡膠
PI-0262,工業清洗劑 L,工業清洗劑,化學與潤滑,油品/清洗/表處,耗材,石油化學品,牌號/尺寸/厚度/硬度/表面處理/包裝量（依品項填寫）,L,範疇3 類別1,lubricant / industrial chemicals,中,可用於品名標準化、分類與排放係數候選匹配；不可直接當作活動數據。,金屬加工/機械/塑橡膠
PI-0263,工業清洗劑 常用規格,工業清洗劑,化學與潤滑,油品/清洗/表處,耗材,石油化學品,牌號/尺寸/厚度/硬度/表面處理/包裝量（依品項填寫）,L,範疇3 類別1,lubricant / industrial chemicals,中,可用於品名標準化、分類與排放係數候選匹配；不可直接當作活動數據。,金屬加工/機械/塑橡膠
PI-0264,工業清洗劑-採購,工業清洗劑,化學與潤滑,油品/清洗/表處,耗材,石油化學品,牌號/尺寸/厚度/硬度/表面處理/包裝量（依品項填寫）,L,範疇3 類別1,lubricant / industrial chemicals,中,可用於品名標準化、分類與排放係數候選匹配；不可直接當作活動數據。,金屬加工/機械/塑橡膠
PI-0265,脫脂劑,脫脂劑,化學與潤滑,油品/清洗/表處,耗材,石油化學品,牌號/尺寸/厚度/硬度/表面處理/包裝量（依品項填寫）,L,範疇3 類別1,lubricant / industrial chemicals,中,可用於品名標準化、分類與排放係數候選匹配；不可直接當作活動數據。,金屬加工/機械/塑橡膠
PI-0266,脫脂劑 L,脫脂劑,化學與潤滑,油品/清洗/表處,耗材,石油化學品,牌號/尺寸/厚度/硬度/表面處理/包裝量（依品項填寫）,L,範疇3 類別1,lubricant / industrial chemicals,中,可用於品名標準化、分類與排放係數候選匹配；不可直接當作活動數據。,金屬加工/機械/塑橡膠
PI-0267,脫脂劑 常用規格,脫脂劑,化學與潤滑,油品/清洗/表處,耗材,石油化學品,牌號/尺寸/厚度/硬度/表面處理/包裝量（依品項填寫）,L,範疇3 類別1,lubricant / industrial chemicals,中,可用於品名標準化、分類與排放係數候選匹配；不可直接當作活動數據。,金屬加工/機械/塑橡膠
PI-0268,脫脂劑-採購,脫脂劑,化學與潤滑,油品/清洗/表處,耗材,石油化學品,牌號/尺寸/厚度/硬度/表面處理/包裝量（依品項填寫）,L,範疇3 類別1,lubricant / industrial chemicals,中,可用於品名標準化、分類與排放係數候選匹配；不可直接當作活動數據。,金屬加工/機械/塑橡膠
PI-0269,金屬表面處理劑,金屬表面處理劑,化學與潤滑,油品/清洗/表處,耗材,石油化學品,牌號/尺寸/厚度/硬度/表面處理/包裝量（依品項填寫）,L,範疇3 類別1,lubricant / industrial chemicals,中,可用於品名標準化、分類與排放係數候選匹配；不可直接當作活動數據。,金屬加工/機械/塑橡膠
PI-0270,金屬表面處理劑 L,金屬表面處理劑,化學與潤滑,油品/清洗/表處,耗材,石油化學品,牌號/尺寸/厚度/硬度/表面處理/包裝量（依品項填寫）,L,範疇3 類別1,lubricant / industrial chemicals,中,可用於品名標準化、分類與排放係數候選匹配；不可直接當作活動數據。,金屬加工/機械/塑橡膠
PI-0271,金屬表面處理劑 常用規格,金屬表面處理劑,化學與潤滑,油品/清洗/表處,耗材,石油化學品,牌號/尺寸/厚度/硬度/表面處理/包裝量（依品項填寫）,L,範疇3 類別1,lubricant / industrial chemicals,中,可用於品名標準化、分類與排放係數候選匹配；不可直接當作活動數據。,金屬加工/機械/塑橡膠
PI-0272,金屬表面處理劑-採購,金屬表面處理劑,化學與潤滑,油品/清洗/表處,耗材,石油化學品,牌號/尺寸/厚度/硬度/表面處理/包裝量（依品項填寫）,L,範疇3 類別1,lubricant / industrial chemicals,中,可用於品名標準化、分類與排放係數候選匹配；不可直接當作活動數據。,金屬加工/機械/塑橡膠
PI-0273,螺絲固定膠,螺絲固定膠,化學與潤滑,油品/清洗/表處,耗材,石油化學品,牌號/尺寸/厚度/硬度/表面處理/包裝量（依品項填寫）,L,範疇3 類別1,lubricant / industrial chemicals,中,可用於品名標準化、分類與排放係數候選匹配；不可直接當作活動數據。,金屬加工/機械/塑橡膠
PI-0274,螺絲固定膠 L,螺絲固定膠,化學與潤滑,油品/清洗/表處,耗材,石油化學品,牌號/尺寸/厚度/硬度/表面處理/包裝量（依品項填寫）,L,範疇3 類別1,lubricant / industrial chemicals,中,可用於品名標準化、分類與排放係數候選匹配；不可直接當作活動數據。,金屬加工/機械/塑橡膠
PI-0275,螺絲固定膠 常用規格,螺絲固定膠,化學與潤滑,油品/清洗/表處,耗材,石油化學品,牌號/尺寸/厚度/硬度/表面處理/包裝量（依品項填寫）,L,範疇3 類別1,lubricant / industrial chemicals,中,可用於品名標準化、分類與排放係數候選匹配；不可直接當作活動數據。,金屬加工/機械/塑橡膠
PI-0276,螺絲固定膠-採購,螺絲固定膠,化學與潤滑,油品/清洗/表處,耗材,石油化學品,牌號/尺寸/厚度/硬度/表面處理/包裝量（依品項填寫）,L,範疇3 類別1,lubricant / industrial chemicals,中,可用於品名標準化、分類與排放係數候選匹配；不可直接當作活動數據。,金屬加工/機械/塑橡膠
PI-0277,矽脂,矽脂,化學與潤滑,油品/清洗/表處,耗材,石油化學品,牌號/尺寸/厚度/硬度/表面處理/包裝量（依品項填寫）,L,範疇3 類別1,lubricant / industrial chemicals,中,可用於品名標準化、分類與排放係數候選匹配；不可直接當作活動數據。,金屬加工/機械/塑橡膠
PI-0278,矽脂 L,矽脂,化學與潤滑,油品/清洗/表處,耗材,石油化學品,牌號/尺寸/厚度/硬度/表面處理/包裝量（依品項填寫）,L,範疇3 類別1,lubricant / industrial chemicals,中,可用於品名標準化、分類與排放係數候選匹配；不可直接當作活動數據。,金屬加工/機械/塑橡膠
PI-0279,矽脂 常用規格,矽脂,化學與潤滑,油品/清洗/表處,耗材,石油化學品,牌號/尺寸/厚度/硬度/表面處理/包裝量（依品項填寫）,L,範疇3 類別1,lubricant / industrial chemicals,中,可用於品名標準化、分類與排放係數候選匹配；不可直接當作活動數據。,金屬加工/機械/塑橡膠
PI-0280,矽脂-採購,矽脂,化學與潤滑,油品/清洗/表處,耗材,石油化學品,牌號/尺寸/厚度/硬度/表面處理/包裝量（依品項填寫）,L,範疇3 類別1,lubricant / industrial chemicals,中,可用於品名標準化、分類與排放係數候選匹配；不可直接當作活動數據。,金屬加工/機械/塑橡膠
PI-0281,ABS塑膠粒,ABS塑膠粒,塑膠原料,熱塑性樹脂,原料,熱塑性樹脂,牌號/尺寸/厚度/硬度/表面處理/包裝量（依品項填寫）,kg,範疇3 類別1,plastic resin by polymer,中,可用於品名標準化、分類與排放係數候選匹配；不可直接當作活動數據。,塑膠/電子/包材
PI-0282,ABS塑膠粒 kg,ABS塑膠粒,塑膠原料,熱塑性樹脂,原料,熱塑性樹脂,牌號/尺寸/厚度/硬度/表面處理/包裝量（依品項填寫）,kg,範疇3 類別1,plastic resin by polymer,中,可用於品名標準化、分類與排放係數候選匹配；不可直接當作活動數據。,塑膠/電子/包材
PI-0283,ABS塑膠粒 常用規格,ABS塑膠粒,塑膠原料,熱塑性樹脂,原料,熱塑性樹脂,牌號/尺寸/厚度/硬度/表面處理/包裝量（依品項填寫）,kg,範疇3 類別1,plastic resin by polymer,中,可用於品名標準化、分類與排放係數候選匹配；不可直接當作活動數據。,塑膠/電子/包材
PI-0284,ABS塑膠粒-採購,ABS塑膠粒,塑膠原料,熱塑性樹脂,原料,熱塑性樹脂,牌號/尺寸/厚度/硬度/表面處理/包裝量（依品項填寫）,kg,範疇3 類別1,plastic resin by polymer,中,可用於品名標準化、分類與排放係數候選匹配；不可直接當作活動數據。,塑膠/電子/包材
PI-0285,PP聚丙烯塑膠粒,PP聚丙烯塑膠粒,塑膠原料,熱塑性樹脂,原料,熱塑性樹脂,牌號/尺寸/厚度/硬度/表面處理/包裝量（依品項填寫）,kg,範疇3 類別1,plastic resin by polymer,中,可用於品名標準化、分類與排放係數候選匹配；不可直接當作活動數據。,塑膠/電子/包材
PI-0286,PP聚丙烯塑膠粒 kg,PP聚丙烯塑膠粒,塑膠原料,熱塑性樹脂,原料,熱塑性樹脂,牌號/尺寸/厚度/硬度/表面處理/包裝量（依品項填寫）,kg,範疇3 類別1,plastic resin by polymer,中,可用於品名標準化、分類與排放係數候選匹配；不可直接當作活動數據。,塑膠/電子/包材
PI-0287,PP聚丙烯塑膠粒 常用規格,PP聚丙烯塑膠粒,塑膠原料,熱塑性樹脂,原料,熱塑性樹脂,牌號/尺寸/厚度/硬度/表面處理/包裝量（依品項填寫）,kg,範疇3 類別1,plastic resin by polymer,中,可用於品名標準化、分類與排放係數候選匹配；不可直接當作活動數據。,塑膠/電子/包材
PI-0288,PP聚丙烯塑膠粒-採購,PP聚丙烯塑膠粒,塑膠原料,熱塑性樹脂,原料,熱塑性樹脂,牌號/尺寸/厚度/硬度/表面處理/包裝量（依品項填寫）,kg,範疇3 類別1,plastic resin by polymer,中,可用於品名標準化、分類與排放係數候選匹配；不可直接當作活動數據。,塑膠/電子/包材
PI-0289,PE聚乙烯塑膠粒,PE聚乙烯塑膠粒,塑膠原料,熱塑性樹脂,原料,熱塑性樹脂,牌號/尺寸/厚度/硬度/表面處理/包裝量（依品項填寫）,kg,範疇3 類別1,plastic resin by polymer,中,可用於品名標準化、分類與排放係數候選匹配；不可直接當作活動數據。,塑膠/電子/包材
PI-0290,PE聚乙烯塑膠粒 kg,PE聚乙烯塑膠粒,塑膠原料,熱塑性樹脂,原料,熱塑性樹脂,牌號/尺寸/厚度/硬度/表面處理/包裝量（依品項填寫）,kg,範疇3 類別1,plastic resin by polymer,中,可用於品名標準化、分類與排放係數候選匹配；不可直接當作活動數據。,塑膠/電子/包材
PI-0291,PE聚乙烯塑膠粒 常用規格,PE聚乙烯塑膠粒,塑膠原料,熱塑性樹脂,原料,熱塑性樹脂,牌號/尺寸/厚度/硬度/表面處理/包裝量（依品項填寫）,kg,範疇3 類別1,plastic resin by polymer,中,可用於品名標準化、分類與排放係數候選匹配；不可直接當作活動數據。,塑膠/電子/包材
PI-0292,PE聚乙烯塑膠粒-採購,PE聚乙烯塑膠粒,塑膠原料,熱塑性樹脂,原料,熱塑性樹脂,牌號/尺寸/厚度/硬度/表面處理/包裝量（依品項填寫）,kg,範疇3 類別1,plastic resin by polymer,中,可用於品名標準化、分類與排放係數候選匹配；不可直接當作活動數據。,塑膠/電子/包材
PI-0293,PC聚碳酸酯塑膠粒,PC聚碳酸酯塑膠粒,塑膠原料,熱塑性樹脂,原料,熱塑性樹脂,牌號/尺寸/厚度/硬度/表面處理/包裝量（依品項填寫）,kg,範疇3 類別1,plastic resin by polymer,中,可用於品名標準化、分類與排放係數候選匹配；不可直接當作活動數據。,塑膠/電子/包材
PI-0294,PC聚碳酸酯塑膠粒 kg,PC聚碳酸酯塑膠粒,塑膠原料,熱塑性樹脂,原料,熱塑性樹脂,牌號/尺寸/厚度/硬度/表面處理/包裝量（依品項填寫）,kg,範疇3 類別1,plastic resin by polymer,中,可用於品名標準化、分類與排放係數候選匹配；不可直接當作活動數據。,塑膠/電子/包材
PI-0295,PC聚碳酸酯塑膠粒 常用規格,PC聚碳酸酯塑膠粒,塑膠原料,熱塑性樹脂,原料,熱塑性樹脂,牌號/尺寸/厚度/硬度/表面處理/包裝量（依品項填寫）,kg,範疇3 類別1,plastic resin by polymer,中,可用於品名標準化、分類與排放係數候選匹配；不可直接當作活動數據。,塑膠/電子/包材
PI-0296,PC聚碳酸酯塑膠粒-採購,PC聚碳酸酯塑膠粒,塑膠原料,熱塑性樹脂,原料,熱塑性樹脂,牌號/尺寸/厚度/硬度/表面處理/包裝量（依品項填寫）,kg,範疇3 類別1,plastic resin by polymer,中,可用於品名標準化、分類與排放係數候選匹配；不可直接當作活動數據。,塑膠/電子/包材
PI-0297,PA6尼龍塑膠粒,PA6尼龍塑膠粒,塑膠原料,熱塑性樹脂,原料,熱塑性樹脂,牌號/尺寸/厚度/硬度/表面處理/包裝量（依品項填寫）,kg,範疇3 類別1,plastic resin by polymer,中,可用於品名標準化、分類與排放係數候選匹配；不可直接當作活動數據。,塑膠/電子/包材
PI-0298,PA6尼龍塑膠粒 kg,PA6尼龍塑膠粒,塑膠原料,熱塑性樹脂,原料,熱塑性樹脂,牌號/尺寸/厚度/硬度/表面處理/包裝量（依品項填寫）,kg,範疇3 類別1,plastic resin by polymer,中,可用於品名標準化、分類與排放係數候選匹配；不可直接當作活動數據。,塑膠/電子/包材
PI-0299,PA6尼龍塑膠粒 常用規格,PA6尼龍塑膠粒,塑膠原料,熱塑性樹脂,原料,熱塑性樹脂,牌號/尺寸/厚度/硬度/表面處理/包裝量（依品項填寫）,kg,範疇3 類別1,plastic resin by polymer,中,可用於品名標準化、分類與排放係數候選匹配；不可直接當作活動數據。,塑膠/電子/包材
PI-0300,PA6尼龍塑膠粒-採購,PA6尼龍塑膠粒,塑膠原料,熱塑性樹脂,原料,熱塑性樹脂,牌號/尺寸/厚度/硬度/表面處理/包裝量（依品項填寫）,kg,範疇3 類別1,plastic resin by polymer,中,可用於品名標準化、分類與排放係數候選匹配；不可直接當作活動數據。,塑膠/電子/包材
PI-0301,PA66尼龍塑膠粒,PA66尼龍塑膠粒,塑膠原料,熱塑性樹脂,原料,熱塑性樹脂,牌號/尺寸/厚度/硬度/表面處理/包裝量（依品項填寫）,kg,範疇3 類別1,plastic resin by polymer,中,可用於品名標準化、分類與排放係數候選匹配；不可直接當作活動數據。,塑膠/電子/包材
PI-0302,PA66尼龍塑膠粒 kg,PA66尼龍塑膠粒,塑膠原料,熱塑性樹脂,原料,熱塑性樹脂,牌號/尺寸/厚度/硬度/表面處理/包裝量（依品項填寫）,kg,範疇3 類別1,plastic resin by polymer,中,可用於品名標準化、分類與排放係數候選匹配；不可直接當作活動數據。,塑膠/電子/包材
PI-0303,PA66尼龍塑膠粒 常用規格,PA66尼龍塑膠粒,塑膠原料,熱塑性樹脂,原料,熱塑性樹脂,牌號/尺寸/厚度/硬度/表面處理/包裝量（依品項填寫）,kg,範疇3 類別1,plastic resin by polymer,中,可用於品名標準化、分類與排放係數候選匹配；不可直接當作活動數據。,塑膠/電子/包材
PI-0304,PA66尼龍塑膠粒-採購,PA66尼龍塑膠粒,塑膠原料,熱塑性樹脂,原料,熱塑性樹脂,牌號/尺寸/厚度/硬度/表面處理/包裝量（依品項填寫）,kg,範疇3 類別1,plastic resin by polymer,中,可用於品名標準化、分類與排放係數候選匹配；不可直接當作活動數據。,塑膠/電子/包材
PI-0305,POM工程塑膠粒,POM工程塑膠粒,塑膠原料,熱塑性樹脂,原料,熱塑性樹脂,牌號/尺寸/厚度/硬度/表面處理/包裝量（依品項填寫）,kg,範疇3 類別1,plastic resin by polymer,中,可用於品名標準化、分類與排放係數候選匹配；不可直接當作活動數據。,塑膠/電子/包材
PI-0306,POM工程塑膠粒 kg,POM工程塑膠粒,塑膠原料,熱塑性樹脂,原料,熱塑性樹脂,牌號/尺寸/厚度/硬度/表面處理/包裝量（依品項填寫）,kg,範疇3 類別1,plastic resin by polymer,中,可用於品名標準化、分類與排放係數候選匹配；不可直接當作活動數據。,塑膠/電子/包材
PI-0307,POM工程塑膠粒 常用規格,POM工程塑膠粒,塑膠原料,熱塑性樹脂,原料,熱塑性樹脂,牌號/尺寸/厚度/硬度/表面處理/包裝量（依品項填寫）,kg,範疇3 類別1,plastic resin by polymer,中,可用於品名標準化、分類與排放係數候選匹配；不可直接當作活動數據。,塑膠/電子/包材
PI-0308,POM工程塑膠粒-採購,POM工程塑膠粒,塑膠原料,熱塑性樹脂,原料,熱塑性樹脂,牌號/尺寸/厚度/硬度/表面處理/包裝量（依品項填寫）,kg,範疇3 類別1,plastic resin by polymer,中,可用於品名標準化、分類與排放係數候選匹配；不可直接當作活動數據。,塑膠/電子/包材
PI-0309,TPU熱塑性聚氨酯,TPU熱塑性聚氨酯,塑膠原料,熱塑性樹脂,原料,熱塑性樹脂,牌號/尺寸/厚度/硬度/表面處理/包裝量（依品項填寫）,kg,範疇3 類別1,plastic resin by polymer,中,可用於品名標準化、分類與排放係數候選匹配；不可直接當作活動數據。,塑膠/電子/包材
PI-0310,TPU熱塑性聚氨酯 kg,TPU熱塑性聚氨酯,塑膠原料,熱塑性樹脂,原料,熱塑性樹脂,牌號/尺寸/厚度/硬度/表面處理/包裝量（依品項填寫）,kg,範疇3 類別1,plastic resin by polymer,中,可用於品名標準化、分類與排放係數候選匹配；不可直接當作活動數據。,塑膠/電子/包材
PI-0311,TPU熱塑性聚氨酯 常用規格,TPU熱塑性聚氨酯,塑膠原料,熱塑性樹脂,原料,熱塑性樹脂,牌號/尺寸/厚度/硬度/表面處理/包裝量（依品項填寫）,kg,範疇3 類別1,plastic resin by polymer,中,可用於品名標準化、分類與排放係數候選匹配；不可直接當作活動數據。,塑膠/電子/包材
PI-0312,TPU熱塑性聚氨酯-採購,TPU熱塑性聚氨酯,塑膠原料,熱塑性樹脂,原料,熱塑性樹脂,牌號/尺寸/厚度/硬度/表面處理/包裝量（依品項填寫）,kg,範疇3 類別1,plastic resin by polymer,中,可用於品名標準化、分類與排放係數候選匹配；不可直接當作活動數據。,塑膠/電子/包材
PI-0313,PET再生塑膠粒,PET再生塑膠粒,塑膠原料,熱塑性樹脂,原料,熱塑性樹脂,牌號/尺寸/厚度/硬度/表面處理/包裝量（依品項填寫）,kg,範疇3 類別1,plastic resin by polymer,中,可用於品名標準化、分類與排放係數候選匹配；不可直接當作活動數據。,塑膠/電子/包材
PI-0314,PET再生塑膠粒 kg,PET再生塑膠粒,塑膠原料,熱塑性樹脂,原料,熱塑性樹脂,牌號/尺寸/厚度/硬度/表面處理/包裝量（依品項填寫）,kg,範疇3 類別1,plastic resin by polymer,中,可用於品名標準化、分類與排放係數候選匹配；不可直接當作活動數據。,塑膠/電子/包材
PI-0315,PET再生塑膠粒 常用規格,PET再生塑膠粒,塑膠原料,熱塑性樹脂,原料,熱塑性樹脂,牌號/尺寸/厚度/硬度/表面處理/包裝量（依品項填寫）,kg,範疇3 類別1,plastic resin by polymer,中,可用於品名標準化、分類與排放係數候選匹配；不可直接當作活動數據。,塑膠/電子/包材
PI-0316,PET再生塑膠粒-採購,PET再生塑膠粒,塑膠原料,熱塑性樹脂,原料,熱塑性樹脂,牌號/尺寸/厚度/硬度/表面處理/包裝量（依品項填寫）,kg,範疇3 類別1,plastic resin by polymer,中,可用於品名標準化、分類與排放係數候選匹配；不可直接當作活動數據。,塑膠/電子/包材
PI-0317,色母粒,色母粒,塑膠原料,熱塑性樹脂,原料,熱塑性樹脂,牌號/尺寸/厚度/硬度/表面處理/包裝量（依品項填寫）,kg,範疇3 類別1,plastic resin by polymer,中,可用於品名標準化、分類與排放係數候選匹配；不可直接當作活動數據。,塑膠/電子/包材
PI-0318,色母粒 kg,色母粒,塑膠原料,熱塑性樹脂,原料,熱塑性樹脂,牌號/尺寸/厚度/硬度/表面處理/包裝量（依品項填寫）,kg,範疇3 類別1,plastic resin by polymer,中,可用於品名標準化、分類與排放係數候選匹配；不可直接當作活動數據。,塑膠/電子/包材
PI-0319,色母粒 常用規格,色母粒,塑膠原料,熱塑性樹脂,原料,熱塑性樹脂,牌號/尺寸/厚度/硬度/表面處理/包裝量（依品項填寫）,kg,範疇3 類別1,plastic resin by polymer,中,可用於品名標準化、分類與排放係數候選匹配；不可直接當作活動數據。,塑膠/電子/包材
PI-0320,色母粒-採購,色母粒,塑膠原料,熱塑性樹脂,原料,熱塑性樹脂,牌號/尺寸/厚度/硬度/表面處理/包裝量（依品項填寫）,kg,範疇3 類別1,plastic resin by polymer,中,可用於品名標準化、分類與排放係數候選匹配；不可直接當作活動數據。,塑膠/電子/包材
PI-0321,天然橡膠NR,天然橡膠NR,橡膠原料,橡膠/填料/助劑,原料,橡膠/填料/助劑,牌號/尺寸/厚度/硬度/表面處理/包裝量（依品項填寫）,kg,範疇3 類別1,rubber / chemical additives,中,可用於品名標準化、分類與排放係數候選匹配；不可直接當作活動數據。,橡膠/汽車零件/機械
PI-0322,天然橡膠NR kg,天然橡膠NR,橡膠原料,橡膠/填料/助劑,原料,橡膠/填料/助劑,牌號/尺寸/厚度/硬度/表面處理/包裝量（依品項填寫）,kg,範疇3 類別1,rubber / chemical additives,中,可用於品名標準化、分類與排放係數候選匹配；不可直接當作活動數據。,橡膠/汽車零件/機械
PI-0323,天然橡膠NR 常用規格,天然橡膠NR,橡膠原料,橡膠/填料/助劑,原料,橡膠/填料/助劑,牌號/尺寸/厚度/硬度/表面處理/包裝量（依品項填寫）,kg,範疇3 類別1,rubber / chemical additives,中,可用於品名標準化、分類與排放係數候選匹配；不可直接當作活動數據。,橡膠/汽車零件/機械
PI-0324,天然橡膠NR-採購,天然橡膠NR,橡膠原料,橡膠/填料/助劑,原料,橡膠/填料/助劑,牌號/尺寸/厚度/硬度/表面處理/包裝量（依品項填寫）,kg,範疇3 類別1,rubber / chemical additives,中,可用於品名標準化、分類與排放係數候選匹配；不可直接當作活動數據。,橡膠/汽車零件/機械
PI-0325,丁腈橡膠NBR,丁腈橡膠NBR,橡膠原料,橡膠/填料/助劑,原料,橡膠/填料/助劑,牌號/尺寸/厚度/硬度/表面處理/包裝量（依品項填寫）,kg,範疇3 類別1,rubber / chemical additives,中,可用於品名標準化、分類與排放係數候選匹配；不可直接當作活動數據。,橡膠/汽車零件/機械
PI-0326,丁腈橡膠NBR kg,丁腈橡膠NBR,橡膠原料,橡膠/填料/助劑,原料,橡膠/填料/助劑,牌號/尺寸/厚度/硬度/表面處理/包裝量（依品項填寫）,kg,範疇3 類別1,rubber / chemical additives,中,可用於品名標準化、分類與排放係數候選匹配；不可直接當作活動數據。,橡膠/汽車零件/機械
PI-0327,丁腈橡膠NBR 常用規格,丁腈橡膠NBR,橡膠原料,橡膠/填料/助劑,原料,橡膠/填料/助劑,牌號/尺寸/厚度/硬度/表面處理/包裝量（依品項填寫）,kg,範疇3 類別1,rubber / chemical additives,中,可用於品名標準化、分類與排放係數候選匹配；不可直接當作活動數據。,橡膠/汽車零件/機械
PI-0328,丁腈橡膠NBR-採購,丁腈橡膠NBR,橡膠原料,橡膠/填料/助劑,原料,橡膠/填料/助劑,牌號/尺寸/厚度/硬度/表面處理/包裝量（依品項填寫）,kg,範疇3 類別1,rubber / chemical additives,中,可用於品名標準化、分類與排放係數候選匹配；不可直接當作活動數據。,橡膠/汽車零件/機械
PI-0329,三元乙丙橡膠EPDM,三元乙丙橡膠EPDM,橡膠原料,橡膠/填料/助劑,原料,橡膠/填料/助劑,牌號/尺寸/厚度/硬度/表面處理/包裝量（依品項填寫）,kg,範疇3 類別1,rubber / chemical additives,中,可用於品名標準化、分類與排放係數候選匹配；不可直接當作活動數據。,橡膠/汽車零件/機械
PI-0330,三元乙丙橡膠EPDM kg,三元乙丙橡膠EPDM,橡膠原料,橡膠/填料/助劑,原料,橡膠/填料/助劑,牌號/尺寸/厚度/硬度/表面處理/包裝量（依品項填寫）,kg,範疇3 類別1,rubber / chemical additives,中,可用於品名標準化、分類與排放係數候選匹配；不可直接當作活動數據。,橡膠/汽車零件/機械
PI-0331,三元乙丙橡膠EPDM 常用規格,三元乙丙橡膠EPDM,橡膠原料,橡膠/填料/助劑,原料,橡膠/填料/助劑,牌號/尺寸/厚度/硬度/表面處理/包裝量（依品項填寫）,kg,範疇3 類別1,rubber / chemical additives,中,可用於品名標準化、分類與排放係數候選匹配；不可直接當作活動數據。,橡膠/汽車零件/機械
PI-0332,三元乙丙橡膠EPDM-採購,三元乙丙橡膠EPDM,橡膠原料,橡膠/填料/助劑,原料,橡膠/填料/助劑,牌號/尺寸/厚度/硬度/表面處理/包裝量（依品項填寫）,kg,範疇3 類別1,rubber / chemical additives,中,可用於品名標準化、分類與排放係數候選匹配；不可直接當作活動數據。,橡膠/汽車零件/機械
PI-0333,矽橡膠VMQ,矽橡膠VMQ,橡膠原料,橡膠/填料/助劑,原料,橡膠/填料/助劑,牌號/尺寸/厚度/硬度/表面處理/包裝量（依品項填寫）,kg,範疇3 類別1,rubber / chemical additives,中,可用於品名標準化、分類與排放係數候選匹配；不可直接當作活動數據。,橡膠/汽車零件/機械
PI-0334,矽橡膠VMQ kg,矽橡膠VMQ,橡膠原料,橡膠/填料/助劑,原料,橡膠/填料/助劑,牌號/尺寸/厚度/硬度/表面處理/包裝量（依品項填寫）,kg,範疇3 類別1,rubber / chemical additives,中,可用於品名標準化、分類與排放係數候選匹配；不可直接當作活動數據。,橡膠/汽車零件/機械
PI-0335,矽橡膠VMQ 常用規格,矽橡膠VMQ,橡膠原料,橡膠/填料/助劑,原料,橡膠/填料/助劑,牌號/尺寸/厚度/硬度/表面處理/包裝量（依品項填寫）,kg,範疇3 類別1,rubber / chemical additives,中,可用於品名標準化、分類與排放係數候選匹配；不可直接當作活動數據。,橡膠/汽車零件/機械
PI-0336,矽橡膠VMQ-採購,矽橡膠VMQ,橡膠原料,橡膠/填料/助劑,原料,橡膠/填料/助劑,牌號/尺寸/厚度/硬度/表面處理/包裝量（依品項填寫）,kg,範疇3 類別1,rubber / chemical additives,中,可用於品名標準化、分類與排放係數候選匹配；不可直接當作活動數據。,橡膠/汽車零件/機械
PI-0337,氟橡膠FKM,氟橡膠FKM,橡膠原料,橡膠/填料/助劑,原料,橡膠/填料/助劑,牌號/尺寸/厚度/硬度/表面處理/包裝量（依品項填寫）,kg,範疇3 類別1,rubber / chemical additives,中,可用於品名標準化、分類與排放係數候選匹配；不可直接當作活動數據。,橡膠/汽車零件/機械
PI-0338,氟橡膠FKM kg,氟橡膠FKM,橡膠原料,橡膠/填料/助劑,原料,橡膠/填料/助劑,牌號/尺寸/厚度/硬度/表面處理/包裝量（依品項填寫）,kg,範疇3 類別1,rubber / chemical additives,中,可用於品名標準化、分類與排放係數候選匹配；不可直接當作活動數據。,橡膠/汽車零件/機械
PI-0339,氟橡膠FKM 常用規格,氟橡膠FKM,橡膠原料,橡膠/填料/助劑,原料,橡膠/填料/助劑,牌號/尺寸/厚度/硬度/表面處理/包裝量（依品項填寫）,kg,範疇3 類別1,rubber / chemical additives,中,可用於品名標準化、分類與排放係數候選匹配；不可直接當作活動數據。,橡膠/汽車零件/機械
PI-0340,氟橡膠FKM-採購,氟橡膠FKM,橡膠原料,橡膠/填料/助劑,原料,橡膠/填料/助劑,牌號/尺寸/厚度/硬度/表面處理/包裝量（依品項填寫）,kg,範疇3 類別1,rubber / chemical additives,中,可用於品名標準化、分類與排放係數候選匹配；不可直接當作活動數據。,橡膠/汽車零件/機械
PI-0341,碳黑,碳黑,橡膠原料,橡膠/填料/助劑,原料,橡膠/填料/助劑,牌號/尺寸/厚度/硬度/表面處理/包裝量（依品項填寫）,kg,範疇3 類別1,rubber / chemical additives,中,可用於品名標準化、分類與排放係數候選匹配；不可直接當作活動數據。,橡膠/汽車零件/機械
PI-0342,碳黑 kg,碳黑,橡膠原料,橡膠/填料/助劑,原料,橡膠/填料/助劑,牌號/尺寸/厚度/硬度/表面處理/包裝量（依品項填寫）,kg,範疇3 類別1,rubber / chemical additives,中,可用於品名標準化、分類與排放係數候選匹配；不可直接當作活動數據。,橡膠/汽車零件/機械
PI-0343,碳黑 常用規格,碳黑,橡膠原料,橡膠/填料/助劑,原料,橡膠/填料/助劑,牌號/尺寸/厚度/硬度/表面處理/包裝量（依品項填寫）,kg,範疇3 類別1,rubber / chemical additives,中,可用於品名標準化、分類與排放係數候選匹配；不可直接當作活動數據。,橡膠/汽車零件/機械
PI-0344,碳黑-採購,碳黑,橡膠原料,橡膠/填料/助劑,原料,橡膠/填料/助劑,牌號/尺寸/厚度/硬度/表面處理/包裝量（依品項填寫）,kg,範疇3 類別1,rubber / chemical additives,中,可用於品名標準化、分類與排放係數候選匹配；不可直接當作活動數據。,橡膠/汽車零件/機械
PI-0345,碳酸鈣填料,碳酸鈣填料,橡膠原料,橡膠/填料/助劑,原料,橡膠/填料/助劑,牌號/尺寸/厚度/硬度/表面處理/包裝量（依品項填寫）,kg,範疇3 類別1,rubber / chemical additives,中,可用於品名標準化、分類與排放係數候選匹配；不可直接當作活動數據。,橡膠/汽車零件/機械
PI-0346,碳酸鈣填料 kg,碳酸鈣填料,橡膠原料,橡膠/填料/助劑,原料,橡膠/填料/助劑,牌號/尺寸/厚度/硬度/表面處理/包裝量（依品項填寫）,kg,範疇3 類別1,rubber / chemical additives,中,可用於品名標準化、分類與排放係數候選匹配；不可直接當作活動數據。,橡膠/汽車零件/機械
PI-0347,碳酸鈣填料 常用規格,碳酸鈣填料,橡膠原料,橡膠/填料/助劑,原料,橡膠/填料/助劑,牌號/尺寸/厚度/硬度/表面處理/包裝量（依品項填寫）,kg,範疇3 類別1,rubber / chemical additives,中,可用於品名標準化、分類與排放係數候選匹配；不可直接當作活動數據。,橡膠/汽車零件/機械
PI-0348,碳酸鈣填料-採購,碳酸鈣填料,橡膠原料,橡膠/填料/助劑,原料,橡膠/填料/助劑,牌號/尺寸/厚度/硬度/表面處理/包裝量（依品項填寫）,kg,範疇3 類別1,rubber / chemical additives,中,可用於品名標準化、分類與排放係數候選匹配；不可直接當作活動數據。,橡膠/汽車零件/機械
PI-0349,硫化劑,硫化劑,橡膠原料,橡膠/填料/助劑,原料,橡膠/填料/助劑,牌號/尺寸/厚度/硬度/表面處理/包裝量（依品項填寫）,kg,範疇3 類別1,rubber / chemical additives,中,可用於品名標準化、分類與排放係數候選匹配；不可直接當作活動數據。,橡膠/汽車零件/機械
PI-0350,硫化劑 kg,硫化劑,橡膠原料,橡膠/填料/助劑,原料,橡膠/填料/助劑,牌號/尺寸/厚度/硬度/表面處理/包裝量（依品項填寫）,kg,範疇3 類別1,rubber / chemical additives,中,可用於品名標準化、分類與排放係數候選匹配；不可直接當作活動數據。,橡膠/汽車零件/機械
PI-0351,硫化劑 常用規格,硫化劑,橡膠原料,橡膠/填料/助劑,原料,橡膠/填料/助劑,牌號/尺寸/厚度/硬度/表面處理/包裝量（依品項填寫）,kg,範疇3 類別1,rubber / chemical additives,中,可用於品名標準化、分類與排放係數候選匹配；不可直接當作活動數據。,橡膠/汽車零件/機械
PI-0352,硫化劑-採購,硫化劑,橡膠原料,橡膠/填料/助劑,原料,橡膠/填料/助劑,牌號/尺寸/厚度/硬度/表面處理/包裝量（依品項填寫）,kg,範疇3 類別1,rubber / chemical additives,中,可用於品名標準化、分類與排放係數候選匹配；不可直接當作活動數據。,橡膠/汽車零件/機械
PI-0353,橡膠促進劑,橡膠促進劑,橡膠原料,橡膠/填料/助劑,原料,橡膠/填料/助劑,牌號/尺寸/厚度/硬度/表面處理/包裝量（依品項填寫）,kg,範疇3 類別1,rubber / chemical additives,中,可用於品名標準化、分類與排放係數候選匹配；不可直接當作活動數據。,橡膠/汽車零件/機械
PI-0354,橡膠促進劑 kg,橡膠促進劑,橡膠原料,橡膠/填料/助劑,原料,橡膠/填料/助劑,牌號/尺寸/厚度/硬度/表面處理/包裝量（依品項填寫）,kg,範疇3 類別1,rubber / chemical additives,中,可用於品名標準化、分類與排放係數候選匹配；不可直接當作活動數據。,橡膠/汽車零件/機械
PI-0355,橡膠促進劑 常用規格,橡膠促進劑,橡膠原料,橡膠/填料/助劑,原料,橡膠/填料/助劑,牌號/尺寸/厚度/硬度/表面處理/包裝量（依品項填寫）,kg,範疇3 類別1,rubber / chemical additives,中,可用於品名標準化、分類與排放係數候選匹配；不可直接當作活動數據。,橡膠/汽車零件/機械
PI-0356,橡膠促進劑-採購,橡膠促進劑,橡膠原料,橡膠/填料/助劑,原料,橡膠/填料/助劑,牌號/尺寸/厚度/硬度/表面處理/包裝量（依品項填寫）,kg,範疇3 類別1,rubber / chemical additives,中,可用於品名標準化、分類與排放係數候選匹配；不可直接當作活動數據。,橡膠/汽車零件/機械
PI-0357,脫模劑,脫模劑,橡膠原料,橡膠/填料/助劑,原料,橡膠/填料/助劑,牌號/尺寸/厚度/硬度/表面處理/包裝量（依品項填寫）,kg,範疇3 類別1,rubber / chemical additives,中,可用於品名標準化、分類與排放係數候選匹配；不可直接當作活動數據。,橡膠/汽車零件/機械
PI-0358,脫模劑 kg,脫模劑,橡膠原料,橡膠/填料/助劑,原料,橡膠/填料/助劑,牌號/尺寸/厚度/硬度/表面處理/包裝量（依品項填寫）,kg,範疇3 類別1,rubber / chemical additives,中,可用於品名標準化、分類與排放係數候選匹配；不可直接當作活動數據。,橡膠/汽車零件/機械
PI-0359,脫模劑 常用規格,脫模劑,橡膠原料,橡膠/填料/助劑,原料,橡膠/填料/助劑,牌號/尺寸/厚度/硬度/表面處理/包裝量（依品項填寫）,kg,範疇3 類別1,rubber / chemical additives,中,可用於品名標準化、分類與排放係數候選匹配；不可直接當作活動數據。,橡膠/汽車零件/機械
PI-0360,脫模劑-採購,脫模劑,橡膠原料,橡膠/填料/助劑,原料,橡膠/填料/助劑,牌號/尺寸/厚度/硬度/表面處理/包裝量（依品項填寫）,kg,範疇3 類別1,rubber / chemical additives,中,可用於品名標準化、分類與排放係數候選匹配；不可直接當作活動數據。,橡膠/汽車零件/機械
PI-0361,模具鋼材SKD11,模具鋼材SKD11,模具與治具,模具零件/委外,資本品/服務,工具鋼/加工服務,牌號/尺寸/厚度/硬度/表面處理/包裝量（依品項填寫）,pcs,範疇3 類別1或2,tool steel / machining service,中,可用於品名標準化、分類與排放係數候選匹配；不可直接當作活動數據。,塑橡膠/金屬加工/機械
PI-0362,模具鋼材SKD11 pcs,模具鋼材SKD11,模具與治具,模具零件/委外,資本品/服務,工具鋼/加工服務,牌號/尺寸/厚度/硬度/表面處理/包裝量（依品項填寫）,pcs,範疇3 類別1或2,tool steel / machining service,中,可用於品名標準化、分類與排放係數候選匹配；不可直接當作活動數據。,塑橡膠/金屬加工/機械
PI-0363,模具鋼材SKD11 常用規格,模具鋼材SKD11,模具與治具,模具零件/委外,資本品/服務,工具鋼/加工服務,牌號/尺寸/厚度/硬度/表面處理/包裝量（依品項填寫）,pcs,範疇3 類別1或2,tool steel / machining service,中,可用於品名標準化、分類與排放係數候選匹配；不可直接當作活動數據。,塑橡膠/金屬加工/機械
PI-0364,模具鋼材SKD11-採購,模具鋼材SKD11,模具與治具,模具零件/委外,資本品/服務,工具鋼/加工服務,牌號/尺寸/厚度/硬度/表面處理/包裝量（依品項填寫）,pcs,範疇3 類別1或2,tool steel / machining service,中,可用於品名標準化、分類與排放係數候選匹配；不可直接當作活動數據。,塑橡膠/金屬加工/機械
PI-0365,模具鋼材NAK80,模具鋼材NAK80,模具與治具,模具零件/委外,資本品/服務,工具鋼/加工服務,牌號/尺寸/厚度/硬度/表面處理/包裝量（依品項填寫）,pcs,範疇3 類別1或2,tool steel / machining service,中,可用於品名標準化、分類與排放係數候選匹配；不可直接當作活動數據。,塑橡膠/金屬加工/機械
PI-0366,模具鋼材NAK80 pcs,模具鋼材NAK80,模具與治具,模具零件/委外,資本品/服務,工具鋼/加工服務,牌號/尺寸/厚度/硬度/表面處理/包裝量（依品項填寫）,pcs,範疇3 類別1或2,tool steel / machining service,中,可用於品名標準化、分類與排放係數候選匹配；不可直接當作活動數據。,塑橡膠/金屬加工/機械
PI-0367,模具鋼材NAK80 常用規格,模具鋼材NAK80,模具與治具,模具零件/委外,資本品/服務,工具鋼/加工服務,牌號/尺寸/厚度/硬度/表面處理/包裝量（依品項填寫）,pcs,範疇3 類別1或2,tool steel / machining service,中,可用於品名標準化、分類與排放係數候選匹配；不可直接當作活動數據。,塑橡膠/金屬加工/機械
PI-0368,模具鋼材NAK80-採購,模具鋼材NAK80,模具與治具,模具零件/委外,資本品/服務,工具鋼/加工服務,牌號/尺寸/厚度/硬度/表面處理/包裝量（依品項填寫）,pcs,範疇3 類別1或2,tool steel / machining service,中,可用於品名標準化、分類與排放係數候選匹配；不可直接當作活動數據。,塑橡膠/金屬加工/機械
PI-0369,頂針,頂針,模具與治具,模具零件/委外,資本品/服務,工具鋼/加工服務,牌號/尺寸/厚度/硬度/表面處理/包裝量（依品項填寫）,pcs,範疇3 類別1或2,tool steel / machining service,中,可用於品名標準化、分類與排放係數候選匹配；不可直接當作活動數據。,塑橡膠/金屬加工/機械
PI-0370,頂針 pcs,頂針,模具與治具,模具零件/委外,資本品/服務,工具鋼/加工服務,牌號/尺寸/厚度/硬度/表面處理/包裝量（依品項填寫）,pcs,範疇3 類別1或2,tool steel / machining service,中,可用於品名標準化、分類與排放係數候選匹配；不可直接當作活動數據。,塑橡膠/金屬加工/機械
PI-0371,頂針 常用規格,頂針,模具與治具,模具零件/委外,資本品/服務,工具鋼/加工服務,牌號/尺寸/厚度/硬度/表面處理/包裝量（依品項填寫）,pcs,範疇3 類別1或2,tool steel / machining service,中,可用於品名標準化、分類與排放係數候選匹配；不可直接當作活動數據。,塑橡膠/金屬加工/機械
PI-0372,頂針-採購,頂針,模具與治具,模具零件/委外,資本品/服務,工具鋼/加工服務,牌號/尺寸/厚度/硬度/表面處理/包裝量（依品項填寫）,pcs,範疇3 類別1或2,tool steel / machining service,中,可用於品名標準化、分類與排放係數候選匹配；不可直接當作活動數據。,塑橡膠/金屬加工/機械
PI-0373,司筒,司筒,模具與治具,模具零件/委外,資本品/服務,工具鋼/加工服務,牌號/尺寸/厚度/硬度/表面處理/包裝量（依品項填寫）,pcs,範疇3 類別1或2,tool steel / machining service,中,可用於品名標準化、分類與排放係數候選匹配；不可直接當作活動數據。,塑橡膠/金屬加工/機械
PI-0374,司筒 pcs,司筒,模具與治具,模具零件/委外,資本品/服務,工具鋼/加工服務,牌號/尺寸/厚度/硬度/表面處理/包裝量（依品項填寫）,pcs,範疇3 類別1或2,tool steel / machining service,中,可用於品名標準化、分類與排放係數候選匹配；不可直接當作活動數據。,塑橡膠/金屬加工/機械
PI-0375,司筒 常用規格,司筒,模具與治具,模具零件/委外,資本品/服務,工具鋼/加工服務,牌號/尺寸/厚度/硬度/表面處理/包裝量（依品項填寫）,pcs,範疇3 類別1或2,tool steel / machining service,中,可用於品名標準化、分類與排放係數候選匹配；不可直接當作活動數據。,塑橡膠/金屬加工/機械
PI-0376,司筒-採購,司筒,模具與治具,模具零件/委外,資本品/服務,工具鋼/加工服務,牌號/尺寸/厚度/硬度/表面處理/包裝量（依品項填寫）,pcs,範疇3 類別1或2,tool steel / machining service,中,可用於品名標準化、分類與排放係數候選匹配；不可直接當作活動數據。,塑橡膠/金屬加工/機械
PI-0377,導柱導套,導柱導套,模具與治具,模具零件/委外,資本品/服務,工具鋼/加工服務,牌號/尺寸/厚度/硬度/表面處理/包裝量（依品項填寫）,pcs,範疇3 類別1或2,tool steel / machining service,中,可用於品名標準化、分類與排放係數候選匹配；不可直接當作活動數據。,塑橡膠/金屬加工/機械
PI-0378,導柱導套 pcs,導柱導套,模具與治具,模具零件/委外,資本品/服務,工具鋼/加工服務,牌號/尺寸/厚度/硬度/表面處理/包裝量（依品項填寫）,pcs,範疇3 類別1或2,tool steel / machining service,中,可用於品名標準化、分類與排放係數候選匹配；不可直接當作活動數據。,塑橡膠/金屬加工/機械
PI-0379,導柱導套 常用規格,導柱導套,模具與治具,模具零件/委外,資本品/服務,工具鋼/加工服務,牌號/尺寸/厚度/硬度/表面處理/包裝量（依品項填寫）,pcs,範疇3 類別1或2,tool steel / machining service,中,可用於品名標準化、分類與排放係數候選匹配；不可直接當作活動數據。,塑橡膠/金屬加工/機械
PI-0380,導柱導套-採購,導柱導套,模具與治具,模具零件/委外,資本品/服務,工具鋼/加工服務,牌號/尺寸/厚度/硬度/表面處理/包裝量（依品項填寫）,pcs,範疇3 類別1或2,tool steel / machining service,中,可用於品名標準化、分類與排放係數候選匹配；不可直接當作活動數據。,塑橡膠/金屬加工/機械
PI-0381,模具彈簧,模具彈簧,模具與治具,模具零件/委外,資本品/服務,工具鋼/加工服務,牌號/尺寸/厚度/硬度/表面處理/包裝量（依品項填寫）,pcs,範疇3 類別1或2,tool steel / machining service,中,可用於品名標準化、分類與排放係數候選匹配；不可直接當作活動數據。,塑橡膠/金屬加工/機械
PI-0382,模具彈簧 pcs,模具彈簧,模具與治具,模具零件/委外,資本品/服務,工具鋼/加工服務,牌號/尺寸/厚度/硬度/表面處理/包裝量（依品項填寫）,pcs,範疇3 類別1或2,tool steel / machining service,中,可用於品名標準化、分類與排放係數候選匹配；不可直接當作活動數據。,塑橡膠/金屬加工/機械
PI-0383,模具彈簧 常用規格,模具彈簧,模具與治具,模具零件/委外,資本品/服務,工具鋼/加工服務,牌號/尺寸/厚度/硬度/表面處理/包裝量（依品項填寫）,pcs,範疇3 類別1或2,tool steel / machining service,中,可用於品名標準化、分類與排放係數候選匹配；不可直接當作活動數據。,塑橡膠/金屬加工/機械
PI-0384,模具彈簧-採購,模具彈簧,模具與治具,模具零件/委外,資本品/服務,工具鋼/加工服務,牌號/尺寸/厚度/硬度/表面處理/包裝量（依品項填寫）,pcs,範疇3 類別1或2,tool steel / machining service,中,可用於品名標準化、分類與排放係數候選匹配；不可直接當作活動數據。,塑橡膠/金屬加工/機械
PI-0385,定位環,定位環,模具與治具,模具零件/委外,資本品/服務,工具鋼/加工服務,牌號/尺寸/厚度/硬度/表面處理/包裝量（依品項填寫）,pcs,範疇3 類別1或2,tool steel / machining service,中,可用於品名標準化、分類與排放係數候選匹配；不可直接當作活動數據。,塑橡膠/金屬加工/機械
PI-0386,定位環 pcs,定位環,模具與治具,模具零件/委外,資本品/服務,工具鋼/加工服務,牌號/尺寸/厚度/硬度/表面處理/包裝量（依品項填寫）,pcs,範疇3 類別1或2,tool steel / machining service,中,可用於品名標準化、分類與排放係數候選匹配；不可直接當作活動數據。,塑橡膠/金屬加工/機械
PI-0387,定位環 常用規格,定位環,模具與治具,模具零件/委外,資本品/服務,工具鋼/加工服務,牌號/尺寸/厚度/硬度/表面處理/包裝量（依品項填寫）,pcs,範疇3 類別1或2,tool steel / machining service,中,可用於品名標準化、分類與排放係數候選匹配；不可直接當作活動數據。,塑橡膠/金屬加工/機械
PI-0388,定位環-採購,定位環,模具與治具,模具零件/委外,資本品/服務,工具鋼/加工服務,牌號/尺寸/厚度/硬度/表面處理/包裝量（依品項填寫）,pcs,範疇3 類別1或2,tool steel / machining service,中,可用於品名標準化、分類與排放係數候選匹配；不可直接當作活動數據。,塑橡膠/金屬加工/機械
PI-0389,澆口套,澆口套,模具與治具,模具零件/委外,資本品/服務,工具鋼/加工服務,牌號/尺寸/厚度/硬度/表面處理/包裝量（依品項填寫）,pcs,範疇3 類別1或2,tool steel / machining service,中,可用於品名標準化、分類與排放係數候選匹配；不可直接當作活動數據。,塑橡膠/金屬加工/機械
PI-0390,澆口套 pcs,澆口套,模具與治具,模具零件/委外,資本品/服務,工具鋼/加工服務,牌號/尺寸/厚度/硬度/表面處理/包裝量（依品項填寫）,pcs,範疇3 類別1或2,tool steel / machining service,中,可用於品名標準化、分類與排放係數候選匹配；不可直接當作活動數據。,塑橡膠/金屬加工/機械
PI-0391,澆口套 常用規格,澆口套,模具與治具,模具零件/委外,資本品/服務,工具鋼/加工服務,牌號/尺寸/厚度/硬度/表面處理/包裝量（依品項填寫）,pcs,範疇3 類別1或2,tool steel / machining service,中,可用於品名標準化、分類與排放係數候選匹配；不可直接當作活動數據。,塑橡膠/金屬加工/機械
PI-0392,澆口套-採購,澆口套,模具與治具,模具零件/委外,資本品/服務,工具鋼/加工服務,牌號/尺寸/厚度/硬度/表面處理/包裝量（依品項填寫）,pcs,範疇3 類別1或2,tool steel / machining service,中,可用於品名標準化、分類與排放係數候選匹配；不可直接當作活動數據。,塑橡膠/金屬加工/機械
PI-0393,CNC模具加工費,CNC模具加工費,模具與治具,模具零件/委外,資本品/服務,工具鋼/加工服務,牌號/尺寸/厚度/硬度/表面處理/包裝量（依品項填寫）,pcs,範疇3 類別1或2,tool steel / machining service,中,可用於品名標準化、分類與排放係數候選匹配；不可直接當作活動數據。,塑橡膠/金屬加工/機械
PI-0394,CNC模具加工費 pcs,CNC模具加工費,模具與治具,模具零件/委外,資本品/服務,工具鋼/加工服務,牌號/尺寸/厚度/硬度/表面處理/包裝量（依品項填寫）,pcs,範疇3 類別1或2,tool steel / machining service,中,可用於品名標準化、分類與排放係數候選匹配；不可直接當作活動數據。,塑橡膠/金屬加工/機械
PI-0395,CNC模具加工費 常用規格,CNC模具加工費,模具與治具,模具零件/委外,資本品/服務,工具鋼/加工服務,牌號/尺寸/厚度/硬度/表面處理/包裝量（依品項填寫）,pcs,範疇3 類別1或2,tool steel / machining service,中,可用於品名標準化、分類與排放係數候選匹配；不可直接當作活動數據。,塑橡膠/金屬加工/機械
PI-0396,CNC模具加工費-採購,CNC模具加工費,模具與治具,模具零件/委外,資本品/服務,工具鋼/加工服務,牌號/尺寸/厚度/硬度/表面處理/包裝量（依品項填寫）,pcs,範疇3 類別1或2,tool steel / machining service,中,可用於品名標準化、分類與排放係數候選匹配；不可直接當作活動數據。,塑橡膠/金屬加工/機械
PI-0397,放電加工費,放電加工費,模具與治具,模具零件/委外,資本品/服務,工具鋼/加工服務,牌號/尺寸/厚度/硬度/表面處理/包裝量（依品項填寫）,pcs,範疇3 類別1或2,tool steel / machining service,中,可用於品名標準化、分類與排放係數候選匹配；不可直接當作活動數據。,塑橡膠/金屬加工/機械
PI-0398,放電加工費 pcs,放電加工費,模具與治具,模具零件/委外,資本品/服務,工具鋼/加工服務,牌號/尺寸/厚度/硬度/表面處理/包裝量（依品項填寫）,pcs,範疇3 類別1或2,tool steel / machining service,中,可用於品名標準化、分類與排放係數候選匹配；不可直接當作活動數據。,塑橡膠/金屬加工/機械
PI-0399,放電加工費 常用規格,放電加工費,模具與治具,模具零件/委外,資本品/服務,工具鋼/加工服務,牌號/尺寸/厚度/硬度/表面處理/包裝量（依品項填寫）,pcs,範疇3 類別1或2,tool steel / machining service,中,可用於品名標準化、分類與排放係數候選匹配；不可直接當作活動數據。,塑橡膠/金屬加工/機械
PI-0400,放電加工費-採購,放電加工費,模具與治具,模具零件/委外,資本品/服務,工具鋼/加工服務,牌號/尺寸/厚度/硬度/表面處理/包裝量（依品項填寫）,pcs,範疇3 類別1或2,tool steel / machining service,中,可用於品名標準化、分類與排放係數候選匹配；不可直接當作活動數據。,塑橡膠/金屬加工/機械
PI-0401,瓦楞紙箱,瓦楞紙箱,包裝材料,紙塑包材,包材,紙/塑膠/木材,牌號/尺寸/厚度/硬度/表面處理/包裝量（依品項填寫）,pcs,範疇3 類別1,paper packaging / plastic packaging / wood pallet,中,可用於品名標準化、分類與排放係數候選匹配；不可直接當作活動數據。,全產業/包材印刷/批發
PI-0402,瓦楞紙箱 pcs,瓦楞紙箱,包裝材料,紙塑包材,包材,紙/塑膠/木材,牌號/尺寸/厚度/硬度/表面處理/包裝量（依品項填寫）,pcs,範疇3 類別1,paper packaging / plastic packaging / wood pallet,中,可用於品名標準化、分類與排放係數候選匹配；不可直接當作活動數據。,全產業/包材印刷/批發
PI-0403,瓦楞紙箱 常用規格,瓦楞紙箱,包裝材料,紙塑包材,包材,紙/塑膠/木材,牌號/尺寸/厚度/硬度/表面處理/包裝量（依品項填寫）,pcs,範疇3 類別1,paper packaging / plastic packaging / wood pallet,中,可用於品名標準化、分類與排放係數候選匹配；不可直接當作活動數據。,全產業/包材印刷/批發
PI-0404,瓦楞紙箱-採購,瓦楞紙箱,包裝材料,紙塑包材,包材,紙/塑膠/木材,牌號/尺寸/厚度/硬度/表面處理/包裝量（依品項填寫）,pcs,範疇3 類別1,paper packaging / plastic packaging / wood pallet,中,可用於品名標準化、分類與排放係數候選匹配；不可直接當作活動數據。,全產業/包材印刷/批發
PI-0405,彩盒,彩盒,包裝材料,紙塑包材,包材,紙/塑膠/木材,牌號/尺寸/厚度/硬度/表面處理/包裝量（依品項填寫）,pcs,範疇3 類別1,paper packaging / plastic packaging / wood pallet,中,可用於品名標準化、分類與排放係數候選匹配；不可直接當作活動數據。,全產業/包材印刷/批發
PI-0406,彩盒 pcs,彩盒,包裝材料,紙塑包材,包材,紙/塑膠/木材,牌號/尺寸/厚度/硬度/表面處理/包裝量（依品項填寫）,pcs,範疇3 類別1,paper packaging / plastic packaging / wood pallet,中,可用於品名標準化、分類與排放係數候選匹配；不可直接當作活動數據。,全產業/包材印刷/批發
PI-0407,彩盒 常用規格,彩盒,包裝材料,紙塑包材,包材,紙/塑膠/木材,牌號/尺寸/厚度/硬度/表面處理/包裝量（依品項填寫）,pcs,範疇3 類別1,paper packaging / plastic packaging / wood pallet,中,可用於品名標準化、分類與排放係數候選匹配；不可直接當作活動數據。,全產業/包材印刷/批發
PI-0408,彩盒-採購,彩盒,包裝材料,紙塑包材,包材,紙/塑膠/木材,牌號/尺寸/厚度/硬度/表面處理/包裝量（依品項填寫）,pcs,範疇3 類別1,paper packaging / plastic packaging / wood pallet,中,可用於品名標準化、分類與排放係數候選匹配；不可直接當作活動數據。,全產業/包材印刷/批發
PI-0409,牛皮紙箱,牛皮紙箱,包裝材料,紙塑包材,包材,紙/塑膠/木材,牌號/尺寸/厚度/硬度/表面處理/包裝量（依品項填寫）,pcs,範疇3 類別1,paper packaging / plastic packaging / wood pallet,中,可用於品名標準化、分類與排放係數候選匹配；不可直接當作活動數據。,全產業/包材印刷/批發
PI-0410,牛皮紙箱 pcs,牛皮紙箱,包裝材料,紙塑包材,包材,紙/塑膠/木材,牌號/尺寸/厚度/硬度/表面處理/包裝量（依品項填寫）,pcs,範疇3 類別1,paper packaging / plastic packaging / wood pallet,中,可用於品名標準化、分類與排放係數候選匹配；不可直接當作活動數據。,全產業/包材印刷/批發
PI-0411,牛皮紙箱 常用規格,牛皮紙箱,包裝材料,紙塑包材,包材,紙/塑膠/木材,牌號/尺寸/厚度/硬度/表面處理/包裝量（依品項填寫）,pcs,範疇3 類別1,paper packaging / plastic packaging / wood pallet,中,可用於品名標準化、分類與排放係數候選匹配；不可直接當作活動數據。,全產業/包材印刷/批發
PI-0412,牛皮紙箱-採購,牛皮紙箱,包裝材料,紙塑包材,包材,紙/塑膠/木材,牌號/尺寸/厚度/硬度/表面處理/包裝量（依品項填寫）,pcs,範疇3 類別1,paper packaging / plastic packaging / wood pallet,中,可用於品名標準化、分類與排放係數候選匹配；不可直接當作活動數據。,全產業/包材印刷/批發
PI-0413,PE塑膠袋,PE塑膠袋,包裝材料,紙塑包材,包材,紙/塑膠/木材,牌號/尺寸/厚度/硬度/表面處理/包裝量（依品項填寫）,pcs,範疇3 類別1,paper packaging / plastic packaging / wood pallet,中,可用於品名標準化、分類與排放係數候選匹配；不可直接當作活動數據。,全產業/包材印刷/批發
PI-0414,PE塑膠袋 pcs,PE塑膠袋,包裝材料,紙塑包材,包材,紙/塑膠/木材,牌號/尺寸/厚度/硬度/表面處理/包裝量（依品項填寫）,pcs,範疇3 類別1,paper packaging / plastic packaging / wood pallet,中,可用於品名標準化、分類與排放係數候選匹配；不可直接當作活動數據。,全產業/包材印刷/批發
PI-0415,PE塑膠袋 常用規格,PE塑膠袋,包裝材料,紙塑包材,包材,紙/塑膠/木材,牌號/尺寸/厚度/硬度/表面處理/包裝量（依品項填寫）,pcs,範疇3 類別1,paper packaging / plastic packaging / wood pallet,中,可用於品名標準化、分類與排放係數候選匹配；不可直接當作活動數據。,全產業/包材印刷/批發
PI-0416,PE塑膠袋-採購,PE塑膠袋,包裝材料,紙塑包材,包材,紙/塑膠/木材,牌號/尺寸/厚度/硬度/表面處理/包裝量（依品項填寫）,pcs,範疇3 類別1,paper packaging / plastic packaging / wood pallet,中,可用於品名標準化、分類與排放係數候選匹配；不可直接當作活動數據。,全產業/包材印刷/批發
PI-0417,氣泡布,氣泡布,包裝材料,紙塑包材,包材,紙/塑膠/木材,牌號/尺寸/厚度/硬度/表面處理/包裝量（依品項填寫）,pcs,範疇3 類別1,paper packaging / plastic packaging / wood pallet,中,可用於品名標準化、分類與排放係數候選匹配；不可直接當作活動數據。,全產業/包材印刷/批發
PI-0418,氣泡布 pcs,氣泡布,包裝材料,紙塑包材,包材,紙/塑膠/木材,牌號/尺寸/厚度/硬度/表面處理/包裝量（依品項填寫）,pcs,範疇3 類別1,paper packaging / plastic packaging / wood pallet,中,可用於品名標準化、分類與排放係數候選匹配；不可直接當作活動數據。,全產業/包材印刷/批發
PI-0419,氣泡布 常用規格,氣泡布,包裝材料,紙塑包材,包材,紙/塑膠/木材,牌號/尺寸/厚度/硬度/表面處理/包裝量（依品項填寫）,pcs,範疇3 類別1,paper packaging / plastic packaging / wood pallet,中,可用於品名標準化、分類與排放係數候選匹配；不可直接當作活動數據。,全產業/包材印刷/批發
PI-0420,氣泡布-採購,氣泡布,包裝材料,紙塑包材,包材,紙/塑膠/木材,牌號/尺寸/厚度/硬度/表面處理/包裝量（依品項填寫）,pcs,範疇3 類別1,paper packaging / plastic packaging / wood pallet,中,可用於品名標準化、分類與排放係數候選匹配；不可直接當作活動數據。,全產業/包材印刷/批發
PI-0421,EPE珍珠棉,EPE珍珠棉,包裝材料,紙塑包材,包材,紙/塑膠/木材,牌號/尺寸/厚度/硬度/表面處理/包裝量（依品項填寫）,pcs,範疇3 類別1,paper packaging / plastic packaging / wood pallet,中,可用於品名標準化、分類與排放係數候選匹配；不可直接當作活動數據。,全產業/包材印刷/批發
PI-0422,EPE珍珠棉 pcs,EPE珍珠棉,包裝材料,紙塑包材,包材,紙/塑膠/木材,牌號/尺寸/厚度/硬度/表面處理/包裝量（依品項填寫）,pcs,範疇3 類別1,paper packaging / plastic packaging / wood pallet,中,可用於品名標準化、分類與排放係數候選匹配；不可直接當作活動數據。,全產業/包材印刷/批發
PI-0423,EPE珍珠棉 常用規格,EPE珍珠棉,包裝材料,紙塑包材,包材,紙/塑膠/木材,牌號/尺寸/厚度/硬度/表面處理/包裝量（依品項填寫）,pcs,範疇3 類別1,paper packaging / plastic packaging / wood pallet,中,可用於品名標準化、分類與排放係數候選匹配；不可直接當作活動數據。,全產業/包材印刷/批發
PI-0424,EPE珍珠棉-採購,EPE珍珠棉,包裝材料,紙塑包材,包材,紙/塑膠/木材,牌號/尺寸/厚度/硬度/表面處理/包裝量（依品項填寫）,pcs,範疇3 類別1,paper packaging / plastic packaging / wood pallet,中,可用於品名標準化、分類與排放係數候選匹配；不可直接當作活動數據。,全產業/包材印刷/批發
PI-0425,伸縮膜,伸縮膜,包裝材料,紙塑包材,包材,紙/塑膠/木材,牌號/尺寸/厚度/硬度/表面處理/包裝量（依品項填寫）,pcs,範疇3 類別1,paper packaging / plastic packaging / wood pallet,中,可用於品名標準化、分類與排放係數候選匹配；不可直接當作活動數據。,全產業/包材印刷/批發
PI-0426,伸縮膜 pcs,伸縮膜,包裝材料,紙塑包材,包材,紙/塑膠/木材,牌號/尺寸/厚度/硬度/表面處理/包裝量（依品項填寫）,pcs,範疇3 類別1,paper packaging / plastic packaging / wood pallet,中,可用於品名標準化、分類與排放係數候選匹配；不可直接當作活動數據。,全產業/包材印刷/批發
PI-0427,伸縮膜 常用規格,伸縮膜,包裝材料,紙塑包材,包材,紙/塑膠/木材,牌號/尺寸/厚度/硬度/表面處理/包裝量（依品項填寫）,pcs,範疇3 類別1,paper packaging / plastic packaging / wood pallet,中,可用於品名標準化、分類與排放係數候選匹配；不可直接當作活動數據。,全產業/包材印刷/批發
PI-0428,伸縮膜-採購,伸縮膜,包裝材料,紙塑包材,包材,紙/塑膠/木材,牌號/尺寸/厚度/硬度/表面處理/包裝量（依品項填寫）,pcs,範疇3 類別1,paper packaging / plastic packaging / wood pallet,中,可用於品名標準化、分類與排放係數候選匹配；不可直接當作活動數據。,全產業/包材印刷/批發
PI-0429,打包帶,打包帶,包裝材料,紙塑包材,包材,紙/塑膠/木材,牌號/尺寸/厚度/硬度/表面處理/包裝量（依品項填寫）,pcs,範疇3 類別1,paper packaging / plastic packaging / wood pallet,中,可用於品名標準化、分類與排放係數候選匹配；不可直接當作活動數據。,全產業/包材印刷/批發
PI-0430,打包帶 pcs,打包帶,包裝材料,紙塑包材,包材,紙/塑膠/木材,牌號/尺寸/厚度/硬度/表面處理/包裝量（依品項填寫）,pcs,範疇3 類別1,paper packaging / plastic packaging / wood pallet,中,可用於品名標準化、分類與排放係數候選匹配；不可直接當作活動數據。,全產業/包材印刷/批發
PI-0431,打包帶 常用規格,打包帶,包裝材料,紙塑包材,包材,紙/塑膠/木材,牌號/尺寸/厚度/硬度/表面處理/包裝量（依品項填寫）,pcs,範疇3 類別1,paper packaging / plastic packaging / wood pallet,中,可用於品名標準化、分類與排放係數候選匹配；不可直接當作活動數據。,全產業/包材印刷/批發
PI-0432,打包帶-採購,打包帶,包裝材料,紙塑包材,包材,紙/塑膠/木材,牌號/尺寸/厚度/硬度/表面處理/包裝量（依品項填寫）,pcs,範疇3 類別1,paper packaging / plastic packaging / wood pallet,中,可用於品名標準化、分類與排放係數候選匹配；不可直接當作活動數據。,全產業/包材印刷/批發
PI-0433,木棧板,木棧板,包裝材料,紙塑包材,包材,紙/塑膠/木材,牌號/尺寸/厚度/硬度/表面處理/包裝量（依品項填寫）,pcs,範疇3 類別1,paper packaging / plastic packaging / wood pallet,中,可用於品名標準化、分類與排放係數候選匹配；不可直接當作活動數據。,全產業/包材印刷/批發
PI-0434,木棧板 pcs,木棧板,包裝材料,紙塑包材,包材,紙/塑膠/木材,牌號/尺寸/厚度/硬度/表面處理/包裝量（依品項填寫）,pcs,範疇3 類別1,paper packaging / plastic packaging / wood pallet,中,可用於品名標準化、分類與排放係數候選匹配；不可直接當作活動數據。,全產業/包材印刷/批發
PI-0435,木棧板 常用規格,木棧板,包裝材料,紙塑包材,包材,紙/塑膠/木材,牌號/尺寸/厚度/硬度/表面處理/包裝量（依品項填寫）,pcs,範疇3 類別1,paper packaging / plastic packaging / wood pallet,中,可用於品名標準化、分類與排放係數候選匹配；不可直接當作活動數據。,全產業/包材印刷/批發
PI-0436,木棧板-採購,木棧板,包裝材料,紙塑包材,包材,紙/塑膠/木材,牌號/尺寸/厚度/硬度/表面處理/包裝量（依品項填寫）,pcs,範疇3 類別1,paper packaging / plastic packaging / wood pallet,中,可用於品名標準化、分類與排放係數候選匹配；不可直接當作活動數據。,全產業/包材印刷/批發
PI-0437,產品標籤貼紙,產品標籤貼紙,包裝材料,紙塑包材,包材,紙/塑膠/木材,牌號/尺寸/厚度/硬度/表面處理/包裝量（依品項填寫）,pcs,範疇3 類別1,paper packaging / plastic packaging / wood pallet,中,可用於品名標準化、分類與排放係數候選匹配；不可直接當作活動數據。,全產業/包材印刷/批發
PI-0438,產品標籤貼紙 pcs,產品標籤貼紙,包裝材料,紙塑包材,包材,紙/塑膠/木材,牌號/尺寸/厚度/硬度/表面處理/包裝量（依品項填寫）,pcs,範疇3 類別1,paper packaging / plastic packaging / wood pallet,中,可用於品名標準化、分類與排放係數候選匹配；不可直接當作活動數據。,全產業/包材印刷/批發
PI-0439,產品標籤貼紙 常用規格,產品標籤貼紙,包裝材料,紙塑包材,包材,紙/塑膠/木材,牌號/尺寸/厚度/硬度/表面處理/包裝量（依品項填寫）,pcs,範疇3 類別1,paper packaging / plastic packaging / wood pallet,中,可用於品名標準化、分類與排放係數候選匹配；不可直接當作活動數據。,全產業/包材印刷/批發
PI-0440,產品標籤貼紙-採購,產品標籤貼紙,包裝材料,紙塑包材,包材,紙/塑膠/木材,牌號/尺寸/厚度/硬度/表面處理/包裝量（依品項填寫）,pcs,範疇3 類別1,paper packaging / plastic packaging / wood pallet,中,可用於品名標準化、分類與排放係數候選匹配；不可直接當作活動數據。,全產業/包材印刷/批發
PI-0441,雷射切割加工費,雷射切割加工費,委外加工,金屬/表面/熱處理,服務,加工服務,牌號/尺寸/厚度/硬度/表面處理/包裝量（依品項填寫）,batch,範疇3 類別1,metal processing service,中,可用於品名標準化、分類與排放係數候選匹配；不可直接當作活動數據。,金屬加工/機械/電子
PI-0442,雷射切割加工費 batch,雷射切割加工費,委外加工,金屬/表面/熱處理,服務,加工服務,牌號/尺寸/厚度/硬度/表面處理/包裝量（依品項填寫）,batch,範疇3 類別1,metal processing service,中,可用於品名標準化、分類與排放係數候選匹配；不可直接當作活動數據。,金屬加工/機械/電子
PI-0443,雷射切割加工費 常用規格,雷射切割加工費,委外加工,金屬/表面/熱處理,服務,加工服務,牌號/尺寸/厚度/硬度/表面處理/包裝量（依品項填寫）,batch,範疇3 類別1,metal processing service,中,可用於品名標準化、分類與排放係數候選匹配；不可直接當作活動數據。,金屬加工/機械/電子
PI-0444,雷射切割加工費-採購,雷射切割加工費,委外加工,金屬/表面/熱處理,服務,加工服務,牌號/尺寸/厚度/硬度/表面處理/包裝量（依品項填寫）,batch,範疇3 類別1,metal processing service,中,可用於品名標準化、分類與排放係數候選匹配；不可直接當作活動數據。,金屬加工/機械/電子
PI-0445,CNC車床加工費,CNC車床加工費,委外加工,金屬/表面/熱處理,服務,加工服務,牌號/尺寸/厚度/硬度/表面處理/包裝量（依品項填寫）,batch,範疇3 類別1,metal processing service,中,可用於品名標準化、分類與排放係數候選匹配；不可直接當作活動數據。,金屬加工/機械/電子
PI-0446,CNC車床加工費 batch,CNC車床加工費,委外加工,金屬/表面/熱處理,服務,加工服務,牌號/尺寸/厚度/硬度/表面處理/包裝量（依品項填寫）,batch,範疇3 類別1,metal processing service,中,可用於品名標準化、分類與排放係數候選匹配；不可直接當作活動數據。,金屬加工/機械/電子
PI-0447,CNC車床加工費 常用規格,CNC車床加工費,委外加工,金屬/表面/熱處理,服務,加工服務,牌號/尺寸/厚度/硬度/表面處理/包裝量（依品項填寫）,batch,範疇3 類別1,metal processing service,中,可用於品名標準化、分類與排放係數候選匹配；不可直接當作活動數據。,金屬加工/機械/電子
PI-0448,CNC車床加工費-採購,CNC車床加工費,委外加工,金屬/表面/熱處理,服務,加工服務,牌號/尺寸/厚度/硬度/表面處理/包裝量（依品項填寫）,batch,範疇3 類別1,metal processing service,中,可用於品名標準化、分類與排放係數候選匹配；不可直接當作活動數據。,金屬加工/機械/電子
PI-0449,CNC銑床加工費,CNC銑床加工費,委外加工,金屬/表面/熱處理,服務,加工服務,牌號/尺寸/厚度/硬度/表面處理/包裝量（依品項填寫）,batch,範疇3 類別1,metal processing service,中,可用於品名標準化、分類與排放係數候選匹配；不可直接當作活動數據。,金屬加工/機械/電子
PI-0450,CNC銑床加工費 batch,CNC銑床加工費,委外加工,金屬/表面/熱處理,服務,加工服務,牌號/尺寸/厚度/硬度/表面處理/包裝量（依品項填寫）,batch,範疇3 類別1,metal processing service,中,可用於品名標準化、分類與排放係數候選匹配；不可直接當作活動數據。,金屬加工/機械/電子
PI-0451,CNC銑床加工費 常用規格,CNC銑床加工費,委外加工,金屬/表面/熱處理,服務,加工服務,牌號/尺寸/厚度/硬度/表面處理/包裝量（依品項填寫）,batch,範疇3 類別1,metal processing service,中,可用於品名標準化、分類與排放係數候選匹配；不可直接當作活動數據。,金屬加工/機械/電子
PI-0452,CNC銑床加工費-採購,CNC銑床加工費,委外加工,金屬/表面/熱處理,服務,加工服務,牌號/尺寸/厚度/硬度/表面處理/包裝量（依品項填寫）,batch,範疇3 類別1,metal processing service,中,可用於品名標準化、分類與排放係數候選匹配；不可直接當作活動數據。,金屬加工/機械/電子
PI-0453,沖壓加工費,沖壓加工費,委外加工,金屬/表面/熱處理,服務,加工服務,牌號/尺寸/厚度/硬度/表面處理/包裝量（依品項填寫）,batch,範疇3 類別1,metal processing service,中,可用於品名標準化、分類與排放係數候選匹配；不可直接當作活動數據。,金屬加工/機械/電子
PI-0454,沖壓加工費 batch,沖壓加工費,委外加工,金屬/表面/熱處理,服務,加工服務,牌號/尺寸/厚度/硬度/表面處理/包裝量（依品項填寫）,batch,範疇3 類別1,metal processing service,中,可用於品名標準化、分類與排放係數候選匹配；不可直接當作活動數據。,金屬加工/機械/電子
PI-0455,沖壓加工費 常用規格,沖壓加工費,委外加工,金屬/表面/熱處理,服務,加工服務,牌號/尺寸/厚度/硬度/表面處理/包裝量（依品項填寫）,batch,範疇3 類別1,metal processing service,中,可用於品名標準化、分類與排放係數候選匹配；不可直接當作活動數據。,金屬加工/機械/電子
PI-0456,沖壓加工費-採購,沖壓加工費,委外加工,金屬/表面/熱處理,服務,加工服務,牌號/尺寸/厚度/硬度/表面處理/包裝量（依品項填寫）,batch,範疇3 類別1,metal processing service,中,可用於品名標準化、分類與排放係數候選匹配；不可直接當作活動數據。,金屬加工/機械/電子
PI-0457,焊接加工費,焊接加工費,委外加工,金屬/表面/熱處理,服務,加工服務,牌號/尺寸/厚度/硬度/表面處理/包裝量（依品項填寫）,batch,範疇3 類別1,metal processing service,中,可用於品名標準化、分類與排放係數候選匹配；不可直接當作活動數據。,金屬加工/機械/電子
PI-0458,焊接加工費 batch,焊接加工費,委外加工,金屬/表面/熱處理,服務,加工服務,牌號/尺寸/厚度/硬度/表面處理/包裝量（依品項填寫）,batch,範疇3 類別1,metal processing service,中,可用於品名標準化、分類與排放係數候選匹配；不可直接當作活動數據。,金屬加工/機械/電子
PI-0459,焊接加工費 常用規格,焊接加工費,委外加工,金屬/表面/熱處理,服務,加工服務,牌號/尺寸/厚度/硬度/表面處理/包裝量（依品項填寫）,batch,範疇3 類別1,metal processing service,中,可用於品名標準化、分類與排放係數候選匹配；不可直接當作活動數據。,金屬加工/機械/電子
PI-0460,焊接加工費-採購,焊接加工費,委外加工,金屬/表面/熱處理,服務,加工服務,牌號/尺寸/厚度/硬度/表面處理/包裝量（依品項填寫）,batch,範疇3 類別1,metal processing service,中,可用於品名標準化、分類與排放係數候選匹配；不可直接當作活動數據。,金屬加工/機械/電子
PI-0461,研磨加工費,研磨加工費,委外加工,金屬/表面/熱處理,服務,加工服務,牌號/尺寸/厚度/硬度/表面處理/包裝量（依品項填寫）,batch,範疇3 類別1,metal processing service,中,可用於品名標準化、分類與排放係數候選匹配；不可直接當作活動數據。,金屬加工/機械/電子
PI-0462,研磨加工費 batch,研磨加工費,委外加工,金屬/表面/熱處理,服務,加工服務,牌號/尺寸/厚度/硬度/表面處理/包裝量（依品項填寫）,batch,範疇3 類別1,metal processing service,中,可用於品名標準化、分類與排放係數候選匹配；不可直接當作活動數據。,金屬加工/機械/電子
PI-0463,研磨加工費 常用規格,研磨加工費,委外加工,金屬/表面/熱處理,服務,加工服務,牌號/尺寸/厚度/硬度/表面處理/包裝量（依品項填寫）,batch,範疇3 類別1,metal processing service,中,可用於品名標準化、分類與排放係數候選匹配；不可直接當作活動數據。,金屬加工/機械/電子
PI-0464,研磨加工費-採購,研磨加工費,委外加工,金屬/表面/熱處理,服務,加工服務,牌號/尺寸/厚度/硬度/表面處理/包裝量（依品項填寫）,batch,範疇3 類別1,metal processing service,中,可用於品名標準化、分類與排放係數候選匹配；不可直接當作活動數據。,金屬加工/機械/電子
PI-0465,陽極處理加工費,陽極處理加工費,委外加工,金屬/表面/熱處理,服務,加工服務,牌號/尺寸/厚度/硬度/表面處理/包裝量（依品項填寫）,batch,範疇3 類別1,metal processing service,中,可用於品名標準化、分類與排放係數候選匹配；不可直接當作活動數據。,金屬加工/機械/電子
PI-0466,陽極處理加工費 batch,陽極處理加工費,委外加工,金屬/表面/熱處理,服務,加工服務,牌號/尺寸/厚度/硬度/表面處理/包裝量（依品項填寫）,batch,範疇3 類別1,metal processing service,中,可用於品名標準化、分類與排放係數候選匹配；不可直接當作活動數據。,金屬加工/機械/電子
PI-0467,陽極處理加工費 常用規格,陽極處理加工費,委外加工,金屬/表面/熱處理,服務,加工服務,牌號/尺寸/厚度/硬度/表面處理/包裝量（依品項填寫）,batch,範疇3 類別1,metal processing service,中,可用於品名標準化、分類與排放係數候選匹配；不可直接當作活動數據。,金屬加工/機械/電子
PI-0468,陽極處理加工費-採購,陽極處理加工費,委外加工,金屬/表面/熱處理,服務,加工服務,牌號/尺寸/厚度/硬度/表面處理/包裝量（依品項填寫）,batch,範疇3 類別1,metal processing service,中,可用於品名標準化、分類與排放係數候選匹配；不可直接當作活動數據。,金屬加工/機械/電子
PI-0469,電鍍加工費,電鍍加工費,委外加工,金屬/表面/熱處理,服務,加工服務,牌號/尺寸/厚度/硬度/表面處理/包裝量（依品項填寫）,batch,範疇3 類別1,metal processing service,中,可用於品名標準化、分類與排放係數候選匹配；不可直接當作活動數據。,金屬加工/機械/電子
PI-0470,電鍍加工費 batch,電鍍加工費,委外加工,金屬/表面/熱處理,服務,加工服務,牌號/尺寸/厚度/硬度/表面處理/包裝量（依品項填寫）,batch,範疇3 類別1,metal processing service,中,可用於品名標準化、分類與排放係數候選匹配；不可直接當作活動數據。,金屬加工/機械/電子
PI-0471,電鍍加工費 常用規格,電鍍加工費,委外加工,金屬/表面/熱處理,服務,加工服務,牌號/尺寸/厚度/硬度/表面處理/包裝量（依品項填寫）,batch,範疇3 類別1,metal processing service,中,可用於品名標準化、分類與排放係數候選匹配；不可直接當作活動數據。,金屬加工/機械/電子
PI-0472,電鍍加工費-採購,電鍍加工費,委外加工,金屬/表面/熱處理,服務,加工服務,牌號/尺寸/厚度/硬度/表面處理/包裝量（依品項填寫）,batch,範疇3 類別1,metal processing service,中,可用於品名標準化、分類與排放係數候選匹配；不可直接當作活動數據。,金屬加工/機械/電子
PI-0473,熱處理加工費,熱處理加工費,委外加工,金屬/表面/熱處理,服務,加工服務,牌號/尺寸/厚度/硬度/表面處理/包裝量（依品項填寫）,batch,範疇3 類別1,metal processing service,中,可用於品名標準化、分類與排放係數候選匹配；不可直接當作活動數據。,金屬加工/機械/電子
PI-0474,熱處理加工費 batch,熱處理加工費,委外加工,金屬/表面/熱處理,服務,加工服務,牌號/尺寸/厚度/硬度/表面處理/包裝量（依品項填寫）,batch,範疇3 類別1,metal processing service,中,可用於品名標準化、分類與排放係數候選匹配；不可直接當作活動數據。,金屬加工/機械/電子
PI-0475,熱處理加工費 常用規格,熱處理加工費,委外加工,金屬/表面/熱處理,服務,加工服務,牌號/尺寸/厚度/硬度/表面處理/包裝量（依品項填寫）,batch,範疇3 類別1,metal processing service,中,可用於品名標準化、分類與排放係數候選匹配；不可直接當作活動數據。,金屬加工/機械/電子
PI-0476,熱處理加工費-採購,熱處理加工費,委外加工,金屬/表面/熱處理,服務,加工服務,牌號/尺寸/厚度/硬度/表面處理/包裝量（依品項填寫）,batch,範疇3 類別1,metal processing service,中,可用於品名標準化、分類與排放係數候選匹配；不可直接當作活動數據。,金屬加工/機械/電子
PI-0477,粉體烤漆加工費,粉體烤漆加工費,委外加工,金屬/表面/熱處理,服務,加工服務,牌號/尺寸/厚度/硬度/表面處理/包裝量（依品項填寫）,batch,範疇3 類別1,metal processing service,中,可用於品名標準化、分類與排放係數候選匹配；不可直接當作活動數據。,金屬加工/機械/電子
PI-0478,粉體烤漆加工費 batch,粉體烤漆加工費,委外加工,金屬/表面/熱處理,服務,加工服務,牌號/尺寸/厚度/硬度/表面處理/包裝量（依品項填寫）,batch,範疇3 類別1,metal processing service,中,可用於品名標準化、分類與排放係數候選匹配；不可直接當作活動數據。,金屬加工/機械/電子
PI-0479,粉體烤漆加工費 常用規格,粉體烤漆加工費,委外加工,金屬/表面/熱處理,服務,加工服務,牌號/尺寸/厚度/硬度/表面處理/包裝量（依品項填寫）,batch,範疇3 類別1,metal processing service,中,可用於品名標準化、分類與排放係數候選匹配；不可直接當作活動數據。,金屬加工/機械/電子
PI-0480,粉體烤漆加工費-採購,粉體烤漆加工費,委外加工,金屬/表面/熱處理,服務,加工服務,牌號/尺寸/厚度/硬度/表面處理/包裝量（依品項填寫）,batch,範疇3 類別1,metal processing service,中,可用於品名標準化、分類與排放係數候選匹配；不可直接當作活動數據。,金屬加工/機械/電子
PI-0481,晶片電阻,晶片電阻,電子材料,被動元件/連接器/板材,零組件,陶瓷/金屬/樹脂/半導體,牌號/尺寸/厚度/硬度/表面處理/包裝量（依品項填寫）,pcs,範疇3 類別1,electronic components / printed circuit board,中,可用於品名標準化、分類與排放係數候選匹配；不可直接當作活動數據。,電子零組件
PI-0482,晶片電阻 pcs,晶片電阻,電子材料,被動元件/連接器/板材,零組件,陶瓷/金屬/樹脂/半導體,牌號/尺寸/厚度/硬度/表面處理/包裝量（依品項填寫）,pcs,範疇3 類別1,electronic components / printed circuit board,中,可用於品名標準化、分類與排放係數候選匹配；不可直接當作活動數據。,電子零組件
PI-0483,晶片電阻 常用規格,晶片電阻,電子材料,被動元件/連接器/板材,零組件,陶瓷/金屬/樹脂/半導體,牌號/尺寸/厚度/硬度/表面處理/包裝量（依品項填寫）,pcs,範疇3 類別1,electronic components / printed circuit board,中,可用於品名標準化、分類與排放係數候選匹配；不可直接當作活動數據。,電子零組件
PI-0484,晶片電阻-採購,晶片電阻,電子材料,被動元件/連接器/板材,零組件,陶瓷/金屬/樹脂/半導體,牌號/尺寸/厚度/硬度/表面處理/包裝量（依品項填寫）,pcs,範疇3 類別1,electronic components / printed circuit board,中,可用於品名標準化、分類與排放係數候選匹配；不可直接當作活動數據。,電子零組件
PI-0485,積層陶瓷電容,積層陶瓷電容,電子材料,被動元件/連接器/板材,零組件,陶瓷/金屬/樹脂/半導體,牌號/尺寸/厚度/硬度/表面處理/包裝量（依品項填寫）,pcs,範疇3 類別1,electronic components / printed circuit board,中,可用於品名標準化、分類與排放係數候選匹配；不可直接當作活動數據。,電子零組件
PI-0486,積層陶瓷電容 pcs,積層陶瓷電容,電子材料,被動元件/連接器/板材,零組件,陶瓷/金屬/樹脂/半導體,牌號/尺寸/厚度/硬度/表面處理/包裝量（依品項填寫）,pcs,範疇3 類別1,electronic components / printed circuit board,中,可用於品名標準化、分類與排放係數候選匹配；不可直接當作活動數據。,電子零組件
PI-0487,積層陶瓷電容 常用規格,積層陶瓷電容,電子材料,被動元件/連接器/板材,零組件,陶瓷/金屬/樹脂/半導體,牌號/尺寸/厚度/硬度/表面處理/包裝量（依品項填寫）,pcs,範疇3 類別1,electronic components / printed circuit board,中,可用於品名標準化、分類與排放係數候選匹配；不可直接當作活動數據。,電子零組件
PI-0488,積層陶瓷電容-採購,積層陶瓷電容,電子材料,被動元件/連接器/板材,零組件,陶瓷/金屬/樹脂/半導體,牌號/尺寸/厚度/硬度/表面處理/包裝量（依品項填寫）,pcs,範疇3 類別1,electronic components / printed circuit board,中,可用於品名標準化、分類與排放係數候選匹配；不可直接當作活動數據。,電子零組件
PI-0489,鋁質電解電容,鋁質電解電容,電子材料,被動元件/連接器/板材,零組件,陶瓷/金屬/樹脂/半導體,牌號/尺寸/厚度/硬度/表面處理/包裝量（依品項填寫）,pcs,範疇3 類別1,electronic components / printed circuit board,中,可用於品名標準化、分類與排放係數候選匹配；不可直接當作活動數據。,電子零組件
PI-0490,鋁質電解電容 pcs,鋁質電解電容,電子材料,被動元件/連接器/板材,零組件,陶瓷/金屬/樹脂/半導體,牌號/尺寸/厚度/硬度/表面處理/包裝量（依品項填寫）,pcs,範疇3 類別1,electronic components / printed circuit board,中,可用於品名標準化、分類與排放係數候選匹配；不可直接當作活動數據。,電子零組件
PI-0491,鋁質電解電容 常用規格,鋁質電解電容,電子材料,被動元件/連接器/板材,零組件,陶瓷/金屬/樹脂/半導體,牌號/尺寸/厚度/硬度/表面處理/包裝量（依品項填寫）,pcs,範疇3 類別1,electronic components / printed circuit board,中,可用於品名標準化、分類與排放係數候選匹配；不可直接當作活動數據。,電子零組件
PI-0492,鋁質電解電容-採購,鋁質電解電容,電子材料,被動元件/連接器/板材,零組件,陶瓷/金屬/樹脂/半導體,牌號/尺寸/厚度/硬度/表面處理/包裝量（依品項填寫）,pcs,範疇3 類別1,electronic components / printed circuit board,中,可用於品名標準化、分類與排放係數候選匹配；不可直接當作活動數據。,電子零組件
PI-0493,功率電感,功率電感,電子材料,被動元件/連接器/板材,零組件,陶瓷/金屬/樹脂/半導體,牌號/尺寸/厚度/硬度/表面處理/包裝量（依品項填寫）,pcs,範疇3 類別1,electronic components / printed circuit board,中,可用於品名標準化、分類與排放係數候選匹配；不可直接當作活動數據。,電子零組件
PI-0494,功率電感 pcs,功率電感,電子材料,被動元件/連接器/板材,零組件,陶瓷/金屬/樹脂/半導體,牌號/尺寸/厚度/硬度/表面處理/包裝量（依品項填寫）,pcs,範疇3 類別1,electronic components / printed circuit board,中,可用於品名標準化、分類與排放係數候選匹配；不可直接當作活動數據。,電子零組件
PI-0495,功率電感 常用規格,功率電感,電子材料,被動元件/連接器/板材,零組件,陶瓷/金屬/樹脂/半導體,牌號/尺寸/厚度/硬度/表面處理/包裝量（依品項填寫）,pcs,範疇3 類別1,electronic components / printed circuit board,中,可用於品名標準化、分類與排放係數候選匹配；不可直接當作活動數據。,電子零組件
PI-0496,功率電感-採購,功率電感,電子材料,被動元件/連接器/板材,零組件,陶瓷/金屬/樹脂/半導體,牌號/尺寸/厚度/硬度/表面處理/包裝量（依品項填寫）,pcs,範疇3 類別1,electronic components / printed circuit board,中,可用於品名標準化、分類與排放係數候選匹配；不可直接當作活動數據。,電子零組件
PI-0497,板對板連接器,板對板連接器,電子材料,被動元件/連接器/板材,零組件,陶瓷/金屬/樹脂/半導體,牌號/尺寸/厚度/硬度/表面處理/包裝量（依品項填寫）,pcs,範疇3 類別1,electronic components / printed circuit board,中,可用於品名標準化、分類與排放係數候選匹配；不可直接當作活動數據。,電子零組件
PI-0498,板對板連接器 pcs,板對板連接器,電子材料,被動元件/連接器/板材,零組件,陶瓷/金屬/樹脂/半導體,牌號/尺寸/厚度/硬度/表面處理/包裝量（依品項填寫）,pcs,範疇3 類別1,electronic components / printed circuit board,中,可用於品名標準化、分類與排放係數候選匹配；不可直接當作活動數據。,電子零組件
PI-0499,板對板連接器 常用規格,板對板連接器,電子材料,被動元件/連接器/板材,零組件,陶瓷/金屬/樹脂/半導體,牌號/尺寸/厚度/硬度/表面處理/包裝量（依品項填寫）,pcs,範疇3 類別1,electronic components / printed circuit board,中,可用於品名標準化、分類與排放係數候選匹配；不可直接當作活動數據。,電子零組件
PI-0500,板對板連接器-採購,板對板連接器,電子材料,被動元件/連接器/板材,零組件,陶瓷/金屬/樹脂/半導體,牌號/尺寸/厚度/硬度/表面處理/包裝量（依品項填寫）,pcs,範疇3 類別1,electronic components / printed circuit board,中,可用於品名標準化、分類與排放係數候選匹配；不可直接當作活動數據。,電子零組件
PI-0501,印刷電路板PCB,印刷電路板PCB,電子材料,被動元件/連接器/板材,零組件,陶瓷/金屬/樹脂/半導體,牌號/尺寸/厚度/硬度/表面處理/包裝量（依品項填寫）,pcs,範疇3 類別1,electronic components / printed circuit board,中,可用於品名標準化、分類與排放係數候選匹配；不可直接當作活動數據。,電子零組件
PI-0502,印刷電路板PCB pcs,印刷電路板PCB,電子材料,被動元件/連接器/板材,零組件,陶瓷/金屬/樹脂/半導體,牌號/尺寸/厚度/硬度/表面處理/包裝量（依品項填寫）,pcs,範疇3 類別1,electronic components / printed circuit board,中,可用於品名標準化、分類與排放係數候選匹配；不可直接當作活動數據。,電子零組件
PI-0503,印刷電路板PCB 常用規格,印刷電路板PCB,電子材料,被動元件/連接器/板材,零組件,陶瓷/金屬/樹脂/半導體,牌號/尺寸/厚度/硬度/表面處理/包裝量（依品項填寫）,pcs,範疇3 類別1,electronic components / printed circuit board,中,可用於品名標準化、分類與排放係數候選匹配；不可直接當作活動數據。,電子零組件
PI-0504,印刷電路板PCB-採購,印刷電路板PCB,電子材料,被動元件/連接器/板材,零組件,陶瓷/金屬/樹脂/半導體,牌號/尺寸/厚度/硬度/表面處理/包裝量（依品項填寫）,pcs,範疇3 類別1,electronic components / printed circuit board,中,可用於品名標準化、分類與排放係數候選匹配；不可直接當作活動數據。,電子零組件
PI-0505,LED發光二極體,LED發光二極體,光電材料,LED/光學元件,零組件,半導體/光學塑膠/玻璃,牌號/尺寸/厚度/硬度/表面處理/包裝量（依品項填寫）,pcs,範疇3 類別1,optoelectronic component / optical plastic,中,可用於品名標準化、分類與排放係數候選匹配；不可直接當作活動數據。,光電/電子零組件
PI-0506,LED發光二極體 pcs,LED發光二極體,光電材料,LED/光學元件,零組件,半導體/光學塑膠/玻璃,牌號/尺寸/厚度/硬度/表面處理/包裝量（依品項填寫）,pcs,範疇3 類別1,optoelectronic component / optical plastic,中,可用於品名標準化、分類與排放係數候選匹配；不可直接當作活動數據。,光電/電子零組件
PI-0507,LED發光二極體 常用規格,LED發光二極體,光電材料,LED/光學元件,零組件,半導體/光學塑膠/玻璃,牌號/尺寸/厚度/硬度/表面處理/包裝量（依品項填寫）,pcs,範疇3 類別1,optoelectronic component / optical plastic,中,可用於品名標準化、分類與排放係數候選匹配；不可直接當作活動數據。,光電/電子零組件
PI-0508,LED發光二極體-採購,LED發光二極體,光電材料,LED/光學元件,零組件,半導體/光學塑膠/玻璃,牌號/尺寸/厚度/硬度/表面處理/包裝量（依品項填寫）,pcs,範疇3 類別1,optoelectronic component / optical plastic,中,可用於品名標準化、分類與排放係數候選匹配；不可直接當作活動數據。,光電/電子零組件
PI-0509,紅外線LED,紅外線LED,光電材料,LED/光學元件,零組件,半導體/光學塑膠/玻璃,牌號/尺寸/厚度/硬度/表面處理/包裝量（依品項填寫）,pcs,範疇3 類別1,optoelectronic component / optical plastic,中,可用於品名標準化、分類與排放係數候選匹配；不可直接當作活動數據。,光電/電子零組件
PI-0510,紅外線LED pcs,紅外線LED,光電材料,LED/光學元件,零組件,半導體/光學塑膠/玻璃,牌號/尺寸/厚度/硬度/表面處理/包裝量（依品項填寫）,pcs,範疇3 類別1,optoelectronic component / optical plastic,中,可用於品名標準化、分類與排放係數候選匹配；不可直接當作活動數據。,光電/電子零組件
PI-0511,紅外線LED 常用規格,紅外線LED,光電材料,LED/光學元件,零組件,半導體/光學塑膠/玻璃,牌號/尺寸/厚度/硬度/表面處理/包裝量（依品項填寫）,pcs,範疇3 類別1,optoelectronic component / optical plastic,中,可用於品名標準化、分類與排放係數候選匹配；不可直接當作活動數據。,光電/電子零組件
PI-0512,紅外線LED-採購,紅外線LED,光電材料,LED/光學元件,零組件,半導體/光學塑膠/玻璃,牌號/尺寸/厚度/硬度/表面處理/包裝量（依品項填寫）,pcs,範疇3 類別1,optoelectronic component / optical plastic,中,可用於品名標準化、分類與排放係數候選匹配；不可直接當作活動數據。,光電/電子零組件
PI-0513,光電二極體,光電二極體,光電材料,LED/光學元件,零組件,半導體/光學塑膠/玻璃,牌號/尺寸/厚度/硬度/表面處理/包裝量（依品項填寫）,pcs,範疇3 類別1,optoelectronic component / optical plastic,中,可用於品名標準化、分類與排放係數候選匹配；不可直接當作活動數據。,光電/電子零組件
PI-0514,光電二極體 pcs,光電二極體,光電材料,LED/光學元件,零組件,半導體/光學塑膠/玻璃,牌號/尺寸/厚度/硬度/表面處理/包裝量（依品項填寫）,pcs,範疇3 類別1,optoelectronic component / optical plastic,中,可用於品名標準化、分類與排放係數候選匹配；不可直接當作活動數據。,光電/電子零組件
PI-0515,光電二極體 常用規格,光電二極體,光電材料,LED/光學元件,零組件,半導體/光學塑膠/玻璃,牌號/尺寸/厚度/硬度/表面處理/包裝量（依品項填寫）,pcs,範疇3 類別1,optoelectronic component / optical plastic,中,可用於品名標準化、分類與排放係數候選匹配；不可直接當作活動數據。,光電/電子零組件
PI-0516,光電二極體-採購,光電二極體,光電材料,LED/光學元件,零組件,半導體/光學塑膠/玻璃,牌號/尺寸/厚度/硬度/表面處理/包裝量（依品項填寫）,pcs,範疇3 類別1,optoelectronic component / optical plastic,中,可用於品名標準化、分類與排放係數候選匹配；不可直接當作活動數據。,光電/電子零組件
PI-0517,光學透鏡,光學透鏡,光電材料,LED/光學元件,零組件,半導體/光學塑膠/玻璃,牌號/尺寸/厚度/硬度/表面處理/包裝量（依品項填寫）,pcs,範疇3 類別1,optoelectronic component / optical plastic,中,可用於品名標準化、分類與排放係數候選匹配；不可直接當作活動數據。,光電/電子零組件
PI-0518,光學透鏡 pcs,光學透鏡,光電材料,LED/光學元件,零組件,半導體/光學塑膠/玻璃,牌號/尺寸/厚度/硬度/表面處理/包裝量（依品項填寫）,pcs,範疇3 類別1,optoelectronic component / optical plastic,中,可用於品名標準化、分類與排放係數候選匹配；不可直接當作活動數據。,光電/電子零組件
PI-0519,光學透鏡 常用規格,光學透鏡,光電材料,LED/光學元件,零組件,半導體/光學塑膠/玻璃,牌號/尺寸/厚度/硬度/表面處理/包裝量（依品項填寫）,pcs,範疇3 類別1,optoelectronic component / optical plastic,中,可用於品名標準化、分類與排放係數候選匹配；不可直接當作活動數據。,光電/電子零組件
PI-0520,光學透鏡-採購,光學透鏡,光電材料,LED/光學元件,零組件,半導體/光學塑膠/玻璃,牌號/尺寸/厚度/硬度/表面處理/包裝量（依品項填寫）,pcs,範疇3 類別1,optoelectronic component / optical plastic,中,可用於品名標準化、分類與排放係數候選匹配；不可直接當作活動數據。,光電/電子零組件
PI-0521,擴散板,擴散板,光電材料,LED/光學元件,零組件,半導體/光學塑膠/玻璃,牌號/尺寸/厚度/硬度/表面處理/包裝量（依品項填寫）,pcs,範疇3 類別1,optoelectronic component / optical plastic,中,可用於品名標準化、分類與排放係數候選匹配；不可直接當作活動數據。,光電/電子零組件
PI-0522,擴散板 pcs,擴散板,光電材料,LED/光學元件,零組件,半導體/光學塑膠/玻璃,牌號/尺寸/厚度/硬度/表面處理/包裝量（依品項填寫）,pcs,範疇3 類別1,optoelectronic component / optical plastic,中,可用於品名標準化、分類與排放係數候選匹配；不可直接當作活動數據。,光電/電子零組件
PI-0523,擴散板 常用規格,擴散板,光電材料,LED/光學元件,零組件,半導體/光學塑膠/玻璃,牌號/尺寸/厚度/硬度/表面處理/包裝量（依品項填寫）,pcs,範疇3 類別1,optoelectronic component / optical plastic,中,可用於品名標準化、分類與排放係數候選匹配；不可直接當作活動數據。,光電/電子零組件
PI-0524,擴散板-採購,擴散板,光電材料,LED/光學元件,零組件,半導體/光學塑膠/玻璃,牌號/尺寸/厚度/硬度/表面處理/包裝量（依品項填寫）,pcs,範疇3 類別1,optoelectronic component / optical plastic,中,可用於品名標準化、分類與排放係數候選匹配；不可直接當作活動數據。,光電/電子零組件
PI-0525,導光板,導光板,光電材料,LED/光學元件,零組件,半導體/光學塑膠/玻璃,牌號/尺寸/厚度/硬度/表面處理/包裝量（依品項填寫）,pcs,範疇3 類別1,optoelectronic component / optical plastic,中,可用於品名標準化、分類與排放係數候選匹配；不可直接當作活動數據。,光電/電子零組件
PI-0526,導光板 pcs,導光板,光電材料,LED/光學元件,零組件,半導體/光學塑膠/玻璃,牌號/尺寸/厚度/硬度/表面處理/包裝量（依品項填寫）,pcs,範疇3 類別1,optoelectronic component / optical plastic,中,可用於品名標準化、分類與排放係數候選匹配；不可直接當作活動數據。,光電/電子零組件
PI-0527,導光板 常用規格,導光板,光電材料,LED/光學元件,零組件,半導體/光學塑膠/玻璃,牌號/尺寸/厚度/硬度/表面處理/包裝量（依品項填寫）,pcs,範疇3 類別1,optoelectronic component / optical plastic,中,可用於品名標準化、分類與排放係數候選匹配；不可直接當作活動數據。,光電/電子零組件
PI-0528,導光板-採購,導光板,光電材料,LED/光學元件,零組件,半導體/光學塑膠/玻璃,牌號/尺寸/厚度/硬度/表面處理/包裝量（依品項填寫）,pcs,範疇3 類別1,optoelectronic component / optical plastic,中,可用於品名標準化、分類與排放係數候選匹配；不可直接當作活動數據。,光電/電子零組件
PI-0529,大豆油墨,大豆油墨,印刷耗材,油墨/版材/紙材,耗材,紙/油墨/塗料,牌號/尺寸/厚度/硬度/表面處理/包裝量（依品項填寫）,kg,範疇3 類別1,printing ink / coated paper,中,可用於品名標準化、分類與排放係數候選匹配；不可直接當作活動數據。,包材印刷
PI-0530,大豆油墨 kg,大豆油墨,印刷耗材,油墨/版材/紙材,耗材,紙/油墨/塗料,牌號/尺寸/厚度/硬度/表面處理/包裝量（依品項填寫）,kg,範疇3 類別1,printing ink / coated paper,中,可用於品名標準化、分類與排放係數候選匹配；不可直接當作活動數據。,包材印刷
PI-0531,大豆油墨 常用規格,大豆油墨,印刷耗材,油墨/版材/紙材,耗材,紙/油墨/塗料,牌號/尺寸/厚度/硬度/表面處理/包裝量（依品項填寫）,kg,範疇3 類別1,printing ink / coated paper,中,可用於品名標準化、分類與排放係數候選匹配；不可直接當作活動數據。,包材印刷
PI-0532,大豆油墨-採購,大豆油墨,印刷耗材,油墨/版材/紙材,耗材,紙/油墨/塗料,牌號/尺寸/厚度/硬度/表面處理/包裝量（依品項填寫）,kg,範疇3 類別1,printing ink / coated paper,中,可用於品名標準化、分類與排放係數候選匹配；不可直接當作活動數據。,包材印刷
PI-0533,UV油墨,UV油墨,印刷耗材,油墨/版材/紙材,耗材,紙/油墨/塗料,牌號/尺寸/厚度/硬度/表面處理/包裝量（依品項填寫）,kg,範疇3 類別1,printing ink / coated paper,中,可用於品名標準化、分類與排放係數候選匹配；不可直接當作活動數據。,包材印刷
PI-0534,UV油墨 kg,UV油墨,印刷耗材,油墨/版材/紙材,耗材,紙/油墨/塗料,牌號/尺寸/厚度/硬度/表面處理/包裝量（依品項填寫）,kg,範疇3 類別1,printing ink / coated paper,中,可用於品名標準化、分類與排放係數候選匹配；不可直接當作活動數據。,包材印刷
PI-0535,UV油墨 常用規格,UV油墨,印刷耗材,油墨/版材/紙材,耗材,紙/油墨/塗料,牌號/尺寸/厚度/硬度/表面處理/包裝量（依品項填寫）,kg,範疇3 類別1,printing ink / coated paper,中,可用於品名標準化、分類與排放係數候選匹配；不可直接當作活動數據。,包材印刷
PI-0536,UV油墨-採購,UV油墨,印刷耗材,油墨/版材/紙材,耗材,紙/油墨/塗料,牌號/尺寸/厚度/硬度/表面處理/包裝量（依品項填寫）,kg,範疇3 類別1,printing ink / coated paper,中,可用於品名標準化、分類與排放係數候選匹配；不可直接當作活動數據。,包材印刷
PI-0537,印刷用PS版,印刷用PS版,印刷耗材,油墨/版材/紙材,耗材,紙/油墨/塗料,牌號/尺寸/厚度/硬度/表面處理/包裝量（依品項填寫）,kg,範疇3 類別1,printing ink / coated paper,中,可用於品名標準化、分類與排放係數候選匹配；不可直接當作活動數據。,包材印刷
PI-0538,印刷用PS版 kg,印刷用PS版,印刷耗材,油墨/版材/紙材,耗材,紙/油墨/塗料,牌號/尺寸/厚度/硬度/表面處理/包裝量（依品項填寫）,kg,範疇3 類別1,printing ink / coated paper,中,可用於品名標準化、分類與排放係數候選匹配；不可直接當作活動數據。,包材印刷
PI-0539,印刷用PS版 常用規格,印刷用PS版,印刷耗材,油墨/版材/紙材,耗材,紙/油墨/塗料,牌號/尺寸/厚度/硬度/表面處理/包裝量（依品項填寫）,kg,範疇3 類別1,printing ink / coated paper,中,可用於品名標準化、分類與排放係數候選匹配；不可直接當作活動數據。,包材印刷
PI-0540,印刷用PS版-採購,印刷用PS版,印刷耗材,油墨/版材/紙材,耗材,紙/油墨/塗料,牌號/尺寸/厚度/硬度/表面處理/包裝量（依品項填寫）,kg,範疇3 類別1,printing ink / coated paper,中,可用於品名標準化、分類與排放係數候選匹配；不可直接當作活動數據。,包材印刷
PI-0541,銅版紙,銅版紙,印刷耗材,油墨/版材/紙材,耗材,紙/油墨/塗料,牌號/尺寸/厚度/硬度/表面處理/包裝量（依品項填寫）,kg,範疇3 類別1,printing ink / coated paper,中,可用於品名標準化、分類與排放係數候選匹配；不可直接當作活動數據。,包材印刷
PI-0542,銅版紙 kg,銅版紙,印刷耗材,油墨/版材/紙材,耗材,紙/油墨/塗料,牌號/尺寸/厚度/硬度/表面處理/包裝量（依品項填寫）,kg,範疇3 類別1,printing ink / coated paper,中,可用於品名標準化、分類與排放係數候選匹配；不可直接當作活動數據。,包材印刷
PI-0543,銅版紙 常用規格,銅版紙,印刷耗材,油墨/版材/紙材,耗材,紙/油墨/塗料,牌號/尺寸/厚度/硬度/表面處理/包裝量（依品項填寫）,kg,範疇3 類別1,printing ink / coated paper,中,可用於品名標準化、分類與排放係數候選匹配；不可直接當作活動數據。,包材印刷
PI-0544,銅版紙-採購,銅版紙,印刷耗材,油墨/版材/紙材,耗材,紙/油墨/塗料,牌號/尺寸/厚度/硬度/表面處理/包裝量（依品項填寫）,kg,範疇3 類別1,printing ink / coated paper,中,可用於品名標準化、分類與排放係數候選匹配；不可直接當作活動數據。,包材印刷
PI-0545,離型紙,離型紙,印刷耗材,油墨/版材/紙材,耗材,紙/油墨/塗料,牌號/尺寸/厚度/硬度/表面處理/包裝量（依品項填寫）,kg,範疇3 類別1,printing ink / coated paper,中,可用於品名標準化、分類與排放係數候選匹配；不可直接當作活動數據。,包材印刷
PI-0546,離型紙 kg,離型紙,印刷耗材,油墨/版材/紙材,耗材,紙/油墨/塗料,牌號/尺寸/厚度/硬度/表面處理/包裝量（依品項填寫）,kg,範疇3 類別1,printing ink / coated paper,中,可用於品名標準化、分類與排放係數候選匹配；不可直接當作活動數據。,包材印刷
PI-0547,離型紙 常用規格,離型紙,印刷耗材,油墨/版材/紙材,耗材,紙/油墨/塗料,牌號/尺寸/厚度/硬度/表面處理/包裝量（依品項填寫）,kg,範疇3 類別1,printing ink / coated paper,中,可用於品名標準化、分類與排放係數候選匹配；不可直接當作活動數據。,包材印刷
PI-0548,離型紙-採購,離型紙,印刷耗材,油墨/版材/紙材,耗材,紙/油墨/塗料,牌號/尺寸/厚度/硬度/表面處理/包裝量（依品項填寫）,kg,範疇3 類別1,printing ink / coated paper,中,可用於品名標準化、分類與排放係數候選匹配；不可直接當作活動數據。,包材印刷
PI-0549,水性上光油,水性上光油,印刷耗材,油墨/版材/紙材,耗材,紙/油墨/塗料,牌號/尺寸/厚度/硬度/表面處理/包裝量（依品項填寫）,kg,範疇3 類別1,printing ink / coated paper,中,可用於品名標準化、分類與排放係數候選匹配；不可直接當作活動數據。,包材印刷
PI-0550,水性上光油 kg,水性上光油,印刷耗材,油墨/版材/紙材,耗材,紙/油墨/塗料,牌號/尺寸/厚度/硬度/表面處理/包裝量（依品項填寫）,kg,範疇3 類別1,printing ink / coated paper,中,可用於品名標準化、分類與排放係數候選匹配；不可直接當作活動數據。,包材印刷
PI-0551,水性上光油 常用規格,水性上光油,印刷耗材,油墨/版材/紙材,耗材,紙/油墨/塗料,牌號/尺寸/厚度/硬度/表面處理/包裝量（依品項填寫）,kg,範疇3 類別1,printing ink / coated paper,中,可用於品名標準化、分類與排放係數候選匹配；不可直接當作活動數據。,包材印刷
PI-0552,水性上光油-採購,水性上光油,印刷耗材,油墨/版材/紙材,耗材,紙/油墨/塗料,牌號/尺寸/厚度/硬度/表面處理/包裝量（依品項填寫）,kg,範疇3 類別1,printing ink / coated paper,中,可用於品名標準化、分類與排放係數候選匹配；不可直接當作活動數據。,包材印刷
PI-0553,PVC電線管,PVC電線管,工程廠務,管材/線材/安全用品,耗材,鋼/PVC/銅/纖維,牌號/尺寸/厚度/硬度/表面處理/包裝量（依品項填寫）,pcs,範疇3 類別1,construction materials / electrical cable / filter,中,可用於品名標準化、分類與排放係數候選匹配；不可直接當作活動數據。,工程/製造業廠務
PI-0554,PVC電線管 pcs,PVC電線管,工程廠務,管材/線材/安全用品,耗材,鋼/PVC/銅/纖維,牌號/尺寸/厚度/硬度/表面處理/包裝量（依品項填寫）,pcs,範疇3 類別1,construction materials / electrical cable / filter,中,可用於品名標準化、分類與排放係數候選匹配；不可直接當作活動數據。,工程/製造業廠務
PI-0555,PVC電線管 常用規格,PVC電線管,工程廠務,管材/線材/安全用品,耗材,鋼/PVC/銅/纖維,牌號/尺寸/厚度/硬度/表面處理/包裝量（依品項填寫）,pcs,範疇3 類別1,construction materials / electrical cable / filter,中,可用於品名標準化、分類與排放係數候選匹配；不可直接當作活動數據。,工程/製造業廠務
PI-0556,PVC電線管-採購,PVC電線管,工程廠務,管材/線材/安全用品,耗材,鋼/PVC/銅/纖維,牌號/尺寸/厚度/硬度/表面處理/包裝量（依品項填寫）,pcs,範疇3 類別1,construction materials / electrical cable / filter,中,可用於品名標準化、分類與排放係數候選匹配；不可直接當作活動數據。,工程/製造業廠務
PI-0557,鍍鋅鋼管,鍍鋅鋼管,工程廠務,管材/線材/安全用品,耗材,鋼/PVC/銅/纖維,牌號/尺寸/厚度/硬度/表面處理/包裝量（依品項填寫）,pcs,範疇3 類別1,construction materials / electrical cable / filter,中,可用於品名標準化、分類與排放係數候選匹配；不可直接當作活動數據。,工程/製造業廠務
PI-0558,鍍鋅鋼管 pcs,鍍鋅鋼管,工程廠務,管材/線材/安全用品,耗材,鋼/PVC/銅/纖維,牌號/尺寸/厚度/硬度/表面處理/包裝量（依品項填寫）,pcs,範疇3 類別1,construction materials / electrical cable / filter,中,可用於品名標準化、分類與排放係數候選匹配；不可直接當作活動數據。,工程/製造業廠務
PI-0559,鍍鋅鋼管 常用規格,鍍鋅鋼管,工程廠務,管材/線材/安全用品,耗材,鋼/PVC/銅/纖維,牌號/尺寸/厚度/硬度/表面處理/包裝量（依品項填寫）,pcs,範疇3 類別1,construction materials / electrical cable / filter,中,可用於品名標準化、分類與排放係數候選匹配；不可直接當作活動數據。,工程/製造業廠務
PI-0560,鍍鋅鋼管-採購,鍍鋅鋼管,工程廠務,管材/線材/安全用品,耗材,鋼/PVC/銅/纖維,牌號/尺寸/厚度/硬度/表面處理/包裝量（依品項填寫）,pcs,範疇3 類別1,construction materials / electrical cable / filter,中,可用於品名標準化、分類與排放係數候選匹配；不可直接當作活動數據。,工程/製造業廠務
PI-0561,耐熱電纜,耐熱電纜,工程廠務,管材/線材/安全用品,耗材,鋼/PVC/銅/纖維,牌號/尺寸/厚度/硬度/表面處理/包裝量（依品項填寫）,pcs,範疇3 類別1,construction materials / electrical cable / filter,中,可用於品名標準化、分類與排放係數候選匹配；不可直接當作活動數據。,工程/製造業廠務
PI-0562,耐熱電纜 pcs,耐熱電纜,工程廠務,管材/線材/安全用品,耗材,鋼/PVC/銅/纖維,牌號/尺寸/厚度/硬度/表面處理/包裝量（依品項填寫）,pcs,範疇3 類別1,construction materials / electrical cable / filter,中,可用於品名標準化、分類與排放係數候選匹配；不可直接當作活動數據。,工程/製造業廠務
PI-0563,耐熱電纜 常用規格,耐熱電纜,工程廠務,管材/線材/安全用品,耗材,鋼/PVC/銅/纖維,牌號/尺寸/厚度/硬度/表面處理/包裝量（依品項填寫）,pcs,範疇3 類別1,construction materials / electrical cable / filter,中,可用於品名標準化、分類與排放係數候選匹配；不可直接當作活動數據。,工程/製造業廠務
PI-0564,耐熱電纜-採購,耐熱電纜,工程廠務,管材/線材/安全用品,耗材,鋼/PVC/銅/纖維,牌號/尺寸/厚度/硬度/表面處理/包裝量（依品項填寫）,pcs,範疇3 類別1,construction materials / electrical cable / filter,中,可用於品名標準化、分類與排放係數候選匹配；不可直接當作活動數據。,工程/製造業廠務
PI-0565,無塵室濾網,無塵室濾網,工程廠務,管材/線材/安全用品,耗材,鋼/PVC/銅/纖維,牌號/尺寸/厚度/硬度/表面處理/包裝量（依品項填寫）,pcs,範疇3 類別1,construction materials / electrical cable / filter,中,可用於品名標準化、分類與排放係數候選匹配；不可直接當作活動數據。,工程/製造業廠務
PI-0566,無塵室濾網 pcs,無塵室濾網,工程廠務,管材/線材/安全用品,耗材,鋼/PVC/銅/纖維,牌號/尺寸/厚度/硬度/表面處理/包裝量（依品項填寫）,pcs,範疇3 類別1,construction materials / electrical cable / filter,中,可用於品名標準化、分類與排放係數候選匹配；不可直接當作活動數據。,工程/製造業廠務
PI-0567,無塵室濾網 常用規格,無塵室濾網,工程廠務,管材/線材/安全用品,耗材,鋼/PVC/銅/纖維,牌號/尺寸/厚度/硬度/表面處理/包裝量（依品項填寫）,pcs,範疇3 類別1,construction materials / electrical cable / filter,中,可用於品名標準化、分類與排放係數候選匹配；不可直接當作活動數據。,工程/製造業廠務
PI-0568,無塵室濾網-採購,無塵室濾網,工程廠務,管材/線材/安全用品,耗材,鋼/PVC/銅/纖維,牌號/尺寸/厚度/硬度/表面處理/包裝量（依品項填寫）,pcs,範疇3 類別1,construction materials / electrical cable / filter,中,可用於品名標準化、分類與排放係數候選匹配；不可直接當作活動數據。,工程/製造業廠務
PI-0569,工業排風扇,工業排風扇,工程廠務,管材/線材/安全用品,耗材,鋼/PVC/銅/纖維,牌號/尺寸/厚度/硬度/表面處理/包裝量（依品項填寫）,pcs,範疇3 類別1,construction materials / electrical cable / filter,中,可用於品名標準化、分類與排放係數候選匹配；不可直接當作活動數據。,工程/製造業廠務
PI-0570,工業排風扇 pcs,工業排風扇,工程廠務,管材/線材/安全用品,耗材,鋼/PVC/銅/纖維,牌號/尺寸/厚度/硬度/表面處理/包裝量（依品項填寫）,pcs,範疇3 類別1,construction materials / electrical cable / filter,中,可用於品名標準化、分類與排放係數候選匹配；不可直接當作活動數據。,工程/製造業廠務
PI-0571,工業排風扇 常用規格,工業排風扇,工程廠務,管材/線材/安全用品,耗材,鋼/PVC/銅/纖維,牌號/尺寸/厚度/硬度/表面處理/包裝量（依品項填寫）,pcs,範疇3 類別1,construction materials / electrical cable / filter,中,可用於品名標準化、分類與排放係數候選匹配；不可直接當作活動數據。,工程/製造業廠務
PI-0572,工業排風扇-採購,工業排風扇,工程廠務,管材/線材/安全用品,耗材,鋼/PVC/銅/纖維,牌號/尺寸/厚度/硬度/表面處理/包裝量（依品項填寫）,pcs,範疇3 類別1,construction materials / electrical cable / filter,中,可用於品名標準化、分類與排放係數候選匹配；不可直接當作活動數據。,工程/製造業廠務
PI-0573,安全防護手套,安全防護手套,工程廠務,管材/線材/安全用品,耗材,鋼/PVC/銅/纖維,牌號/尺寸/厚度/硬度/表面處理/包裝量（依品項填寫）,pcs,範疇3 類別1,construction materials / electrical cable / filter,中,可用於品名標準化、分類與排放係數候選匹配；不可直接當作活動數據。,工程/製造業廠務
PI-0574,安全防護手套 pcs,安全防護手套,工程廠務,管材/線材/安全用品,耗材,鋼/PVC/銅/纖維,牌號/尺寸/厚度/硬度/表面處理/包裝量（依品項填寫）,pcs,範疇3 類別1,construction materials / electrical cable / filter,中,可用於品名標準化、分類與排放係數候選匹配；不可直接當作活動數據。,工程/製造業廠務
PI-0575,安全防護手套 常用規格,安全防護手套,工程廠務,管材/線材/安全用品,耗材,鋼/PVC/銅/纖維,牌號/尺寸/厚度/硬度/表面處理/包裝量（依品項填寫）,pcs,範疇3 類別1,construction materials / electrical cable / filter,中,可用於品名標準化、分類與排放係數候選匹配；不可直接當作活動數據。,工程/製造業廠務
PI-0576,安全防護手套-採購,安全防護手套,工程廠務,管材/線材/安全用品,耗材,鋼/PVC/銅/纖維,牌號/尺寸/厚度/硬度/表面處理/包裝量（依品項填寫）,pcs,範疇3 類別1,construction materials / electrical cable / filter,中,可用於品名標準化、分類與排放係數候選匹配；不可直接當作活動數據。,工程/製造業廠務
PI-0577,物流周轉箱,物流周轉箱,物流批發,物流/倉儲耗材,包材,塑膠/紙/樹脂/鋼,牌號/尺寸/厚度/硬度/表面處理/包裝量（依品項填寫）,pcs,範疇3 類別1,logistics packaging / warehouse equipment,中,可用於品名標準化、分類與排放係數候選匹配；不可直接當作活動數據。,批發/物流/倉儲
PI-0578,物流周轉箱 pcs,物流周轉箱,物流批發,物流/倉儲耗材,包材,塑膠/紙/樹脂/鋼,牌號/尺寸/厚度/硬度/表面處理/包裝量（依品項填寫）,pcs,範疇3 類別1,logistics packaging / warehouse equipment,中,可用於品名標準化、分類與排放係數候選匹配；不可直接當作活動數據。,批發/物流/倉儲
PI-0579,物流周轉箱 常用規格,物流周轉箱,物流批發,物流/倉儲耗材,包材,塑膠/紙/樹脂/鋼,牌號/尺寸/厚度/硬度/表面處理/包裝量（依品項填寫）,pcs,範疇3 類別1,logistics packaging / warehouse equipment,中,可用於品名標準化、分類與排放係數候選匹配；不可直接當作活動數據。,批發/物流/倉儲
PI-0580,物流周轉箱-採購,物流周轉箱,物流批發,物流/倉儲耗材,包材,塑膠/紙/樹脂/鋼,牌號/尺寸/厚度/硬度/表面處理/包裝量（依品項填寫）,pcs,範疇3 類別1,logistics packaging / warehouse equipment,中,可用於品名標準化、分類與排放係數候選匹配；不可直接當作活動數據。,批發/物流/倉儲
PI-0581,塑膠棧板,塑膠棧板,物流批發,物流/倉儲耗材,包材,塑膠/紙/樹脂/鋼,牌號/尺寸/厚度/硬度/表面處理/包裝量（依品項填寫）,pcs,範疇3 類別1,logistics packaging / warehouse equipment,中,可用於品名標準化、分類與排放係數候選匹配；不可直接當作活動數據。,批發/物流/倉儲
PI-0582,塑膠棧板 pcs,塑膠棧板,物流批發,物流/倉儲耗材,包材,塑膠/紙/樹脂/鋼,牌號/尺寸/厚度/硬度/表面處理/包裝量（依品項填寫）,pcs,範疇3 類別1,logistics packaging / warehouse equipment,中,可用於品名標準化、分類與排放係數候選匹配；不可直接當作活動數據。,批發/物流/倉儲
PI-0583,塑膠棧板 常用規格,塑膠棧板,物流批發,物流/倉儲耗材,包材,塑膠/紙/樹脂/鋼,牌號/尺寸/厚度/硬度/表面處理/包裝量（依品項填寫）,pcs,範疇3 類別1,logistics packaging / warehouse equipment,中,可用於品名標準化、分類與排放係數候選匹配；不可直接當作活動數據。,批發/物流/倉儲
PI-0584,塑膠棧板-採購,塑膠棧板,物流批發,物流/倉儲耗材,包材,塑膠/紙/樹脂/鋼,牌號/尺寸/厚度/硬度/表面處理/包裝量（依品項填寫）,pcs,範疇3 類別1,logistics packaging / warehouse equipment,中,可用於品名標準化、分類與排放係數候選匹配；不可直接當作活動數據。,批發/物流/倉儲
PI-0585,條碼標籤紙,條碼標籤紙,物流批發,物流/倉儲耗材,包材,塑膠/紙/樹脂/鋼,牌號/尺寸/厚度/硬度/表面處理/包裝量（依品項填寫）,pcs,範疇3 類別1,logistics packaging / warehouse equipment,中,可用於品名標準化、分類與排放係數候選匹配；不可直接當作活動數據。,批發/物流/倉儲
PI-0586,條碼標籤紙 pcs,條碼標籤紙,物流批發,物流/倉儲耗材,包材,塑膠/紙/樹脂/鋼,牌號/尺寸/厚度/硬度/表面處理/包裝量（依品項填寫）,pcs,範疇3 類別1,logistics packaging / warehouse equipment,中,可用於品名標準化、分類與排放係數候選匹配；不可直接當作活動數據。,批發/物流/倉儲
PI-0587,條碼標籤紙 常用規格,條碼標籤紙,物流批發,物流/倉儲耗材,包材,塑膠/紙/樹脂/鋼,牌號/尺寸/厚度/硬度/表面處理/包裝量（依品項填寫）,pcs,範疇3 類別1,logistics packaging / warehouse equipment,中,可用於品名標準化、分類與排放係數候選匹配；不可直接當作活動數據。,批發/物流/倉儲
PI-0588,條碼標籤紙-採購,條碼標籤紙,物流批發,物流/倉儲耗材,包材,塑膠/紙/樹脂/鋼,牌號/尺寸/厚度/硬度/表面處理/包裝量（依品項填寫）,pcs,範疇3 類別1,logistics packaging / warehouse equipment,中,可用於品名標準化、分類與排放係數候選匹配；不可直接當作活動數據。,批發/物流/倉儲
PI-0589,熱轉印碳帶,熱轉印碳帶,物流批發,物流/倉儲耗材,包材,塑膠/紙/樹脂/鋼,牌號/尺寸/厚度/硬度/表面處理/包裝量（依品項填寫）,pcs,範疇3 類別1,logistics packaging / warehouse equipment,中,可用於品名標準化、分類與排放係數候選匹配；不可直接當作活動數據。,批發/物流/倉儲
PI-0590,熱轉印碳帶 pcs,熱轉印碳帶,物流批發,物流/倉儲耗材,包材,塑膠/紙/樹脂/鋼,牌號/尺寸/厚度/硬度/表面處理/包裝量（依品項填寫）,pcs,範疇3 類別1,logistics packaging / warehouse equipment,中,可用於品名標準化、分類與排放係數候選匹配；不可直接當作活動數據。,批發/物流/倉儲
PI-0591,熱轉印碳帶 常用規格,熱轉印碳帶,物流批發,物流/倉儲耗材,包材,塑膠/紙/樹脂/鋼,牌號/尺寸/厚度/硬度/表面處理/包裝量（依品項填寫）,pcs,範疇3 類別1,logistics packaging / warehouse equipment,中,可用於品名標準化、分類與排放係數候選匹配；不可直接當作活動數據。,批發/物流/倉儲
PI-0592,熱轉印碳帶-採購,熱轉印碳帶,物流批發,物流/倉儲耗材,包材,塑膠/紙/樹脂/鋼,牌號/尺寸/厚度/硬度/表面處理/包裝量（依品項填寫）,pcs,範疇3 類別1,logistics packaging / warehouse equipment,中,可用於品名標準化、分類與排放係數候選匹配；不可直接當作活動數據。,批發/物流/倉儲
PI-0593,封箱膠帶,封箱膠帶,物流批發,物流/倉儲耗材,包材,塑膠/紙/樹脂/鋼,牌號/尺寸/厚度/硬度/表面處理/包裝量（依品項填寫）,pcs,範疇3 類別1,logistics packaging / warehouse equipment,中,可用於品名標準化、分類與排放係數候選匹配；不可直接當作活動數據。,批發/物流/倉儲
PI-0594,封箱膠帶 pcs,封箱膠帶,物流批發,物流/倉儲耗材,包材,塑膠/紙/樹脂/鋼,牌號/尺寸/厚度/硬度/表面處理/包裝量（依品項填寫）,pcs,範疇3 類別1,logistics packaging / warehouse equipment,中,可用於品名標準化、分類與排放係數候選匹配；不可直接當作活動數據。,批發/物流/倉儲
PI-0595,封箱膠帶 常用規格,封箱膠帶,物流批發,物流/倉儲耗材,包材,塑膠/紙/樹脂/鋼,牌號/尺寸/厚度/硬度/表面處理/包裝量（依品項填寫）,pcs,範疇3 類別1,logistics packaging / warehouse equipment,中,可用於品名標準化、分類與排放係數候選匹配；不可直接當作活動數據。,批發/物流/倉儲
PI-0596,封箱膠帶-採購,封箱膠帶,物流批發,物流/倉儲耗材,包材,塑膠/紙/樹脂/鋼,牌號/尺寸/厚度/硬度/表面處理/包裝量（依品項填寫）,pcs,範疇3 類別1,logistics packaging / warehouse equipment,中,可用於品名標準化、分類與排放係數候選匹配；不可直接當作活動數據。,批發/物流/倉儲
PI-0597,貨架層板,貨架層板,物流批發,物流/倉儲耗材,包材,塑膠/紙/樹脂/鋼,牌號/尺寸/厚度/硬度/表面處理/包裝量（依品項填寫）,pcs,範疇3 類別1,logistics packaging / warehouse equipment,中,可用於品名標準化、分類與排放係數候選匹配；不可直接當作活動數據。,批發/物流/倉儲
PI-0598,貨架層板 pcs,貨架層板,物流批發,物流/倉儲耗材,包材,塑膠/紙/樹脂/鋼,牌號/尺寸/厚度/硬度/表面處理/包裝量（依品項填寫）,pcs,範疇3 類別1,logistics packaging / warehouse equipment,中,可用於品名標準化、分類與排放係數候選匹配；不可直接當作活動數據。,批發/物流/倉儲
PI-0599,貨架層板 常用規格,貨架層板,物流批發,物流/倉儲耗材,包材,塑膠/紙/樹脂/鋼,牌號/尺寸/厚度/硬度/表面處理/包裝量（依品項填寫）,pcs,範疇3 類別1,logistics packaging / warehouse equipment,中,可用於品名標準化、分類與排放係數候選匹配；不可直接當作活動數據。,批發/物流/倉儲
PI-0600,貨架層板-採購,貨架層板,物流批發,物流/倉儲耗材,包材,塑膠/紙/樹脂/鋼,牌號/尺寸/厚度/硬度/表面處理/包裝量（依品項填寫）,pcs,範疇3 類別1,logistics packaging / warehouse equipment,中,可用於品名標準化、分類與排放係數候選匹配；不可直接當作活動數據。,批發/物流/倉儲
