Country,Product_Number,Product_Name,Product_Code,Output_MEUR,CO2_kg_total,CO2_kg_per_MEUR,CH4_kg_total,CH4_kg_per_MEUR,N2O_kg_total,N2O_kg_per_MEUR,Total_CO2e_kg_per_MEUR
TW,1,Paddy rice,C_PARI,755.952227831,936590359.605,1238954.4274408612,17727.6429117,23.45074497969887,15288.7841746,20.22453749288764,1244970.550735908
TW,2,Wheat,C_WHEA,377.310818476,183185178.474,485502.05693519505,4509.48065357,11.951633594245427,2280.58194824,6.044305746258541,487438.4436985925
TW,3,Cereal grains nec,C_OCER,136.137532063,233160335.933,1712682.2588872921,12210.8711373,89.69511164378393,2650.89148381,19.472157630882084,1720353.8437855018
TW,4,"Vegetables, fruit, nuts",C_FVEG,6339.95882914,306913845.784,48409.438303187235,7581.96281599,1.1959009546152646,1974.63595549,0.31145879787327496,48525.460111352884
TW,5,Oil seeds,C_OILS,255.559144524,71308570.3763,279029.61762185465,4159.01306052,16.27417038144538,990.559145604,3.8760465701550153,280512.4467336262
TW,6,"Sugar cane, sugar beet",C_SUGB,0.0,0.0,0.0,0.0,0.0,0.0,0.0,0.0
TW,7,Plant-based fibers,C_FIBR,1.44174646651,31.705426413,21.99098603636501,0.00556053991424,0.0038568084218720245,0.000123877173992,8.592160748752616e-05,22.12174589816162
TW,8,Crops nec,C_OTCR,1737.88725185,21201323.4811,12199.481559307695,274.095626435,0.15771772659199967,179.75045618,0.10343044750955717,12231.306724242302
TW,9,Cattle,C_CATL,825.402164956,1222304.95279,1480.859882231055,44.2114222975,0.053563492046155216,15.9406478608,0.019312583050529984,1487.4774945167378
TW,10,Pigs,C_PIGS,3901.84312447,2576051.67611,660.214056263452,174.475081528,0.04471606775623495,53.7154836816,0.013766694858829401,665.1142802982164
TW,11,Poultry,C_PLTR,136.885933203,75846.1118511,554.08258596317,6.6217855593,0.048374477963926216,1.03051598764,0.007528282589210672,557.4320662323007
TW,12,Meat animals nec,C_OMEA,202.924977544,4111.27594253,20.260078341704173,0.473173651716,0.002331766436260427,0.0377498588736,0.00018602864630311338,20.37466539318979
TW,13,Animal products nec,C_OANP,1629.3866318,5136538.38772,3152.4368050360235,55.5108857174,0.03406857809805188,38.2195499868,0.02345640331207239,3159.606672100468
TW,14,Raw milk,C_MILK,593.952080926,917193.952503,1544.2221383803392,14.4689983516,0.024360548293798603,8.25369213817,0.013896225643829878,1548.5867335281803
TW,15,"Wool, silk-worm cocoons",C_WOOL,32.8935669282,2.68944527892,0.08176204437756826,0.000714373257331,2.1717719421865443e-05,5.93597378632e-06,1.8046002123384882e-07,0.08241796242700745
TW,16,Manure (conventional treatment),C_MANC,0.0,0.0,0.0,0.0,0.0,0.0,0.0,0.0
TW,17,Manure (biogas treatment),C_MANB,0.0,0.0,0.0,0.0,0.0,0.0,0.0,0.0
TW,18,"Products of forestry, logging and related services (02)",C_FORE,115.354230197,2050774.87331,17778.0638803425,64681.9851491,560.724864954126,75815.1788264,657.2379590841543,207646.41925635893
TW,19,Fish and other fishing products; services incidental of fishing (05),C_FISH,3669.25855058,82639941.8944,22522.245504159717,2638.61521005,0.7191140045535668,1993.08001626,0.5431833131369154,22686.324274268496
TW,20,Anthracite,C_ANTH,0.0,0.0,0.0,0.0,0.0,0.0,0.0,0.0
TW,21,Coking Coal,C_COKC,0.0,0.0,0.0,0.0,0.0,0.0,0.0,0.0
TW,22,Other Bituminous Coal,C_OTBC,0.0,0.0,0.0,0.0,0.0,0.0,0.0,0.0
TW,23,Sub-Bituminous Coal,C_SUBC,0.0,0.0,0.0,0.0,0.0,0.0,0.0,0.0
TW,24,Patent Fuel,C_PATF,0.0,0.0,0.0,0.0,0.0,0.0,0.0,0.0
TW,25,Lignite/Brown Coal,C_LIBC,0.0,0.0,0.0,0.0,0.0,0.0,0.0,0.0
TW,26,BKB/Peat Briquettes,C_BKBP,0.0,0.0,0.0,0.0,0.0,0.0,0.0,0.0
TW,27,Peat,C_PEAT,0.0,0.0,0.0,0.0,0.0,0.0,0.0,0.0
TW,28,"Crude petroleum and services related to crude oil extraction, excluding surveying",C_COIL,205.537837768,1882811.59489,9160.41355370886,115.564545884,0.5622543622086899,46.1979612587,0.22476621219906848,9235.719722083457
TW,29,"Natural gas and services related to natural gas extraction, excluding surveying",C_GASE,349.205547792,165252436.778,473223.9731667453,31331.0184513,89.7208496526004,330.395312316,0.9461342020625512,475986.88252056466
TW,30,Natural Gas Liquids,C_GASL,0.0,0.0,0.0,0.0,0.0,0.0,0.0,0.0
TW,31,Other Hydrocarbons,C_OGPL,0.0,0.0,0.0,0.0,0.0,0.0,0.0,0.0
TW,32,Uranium and thorium ores (12),C_ORAN,0.0,0.0,0.0,0.0,0.0,0.0,0.0,0.0
TW,33,Iron ores,C_IRON,968.895053287,14687.4729991,15.15899265794824,4.17552765082,0.004309576807781629,0.0293867048991,3.0330121718967282e-05,15.287698290821652
TW,34,Copper ores and concentrates,C_COPO,323.219203569,61104.5309086,189.04981583359282,1.57935993224,0.004886343121945236,0.85683311322,0.0026509350427165613,189.88913122732717
TW,35,Nickel ores and concentrates,C_NIKO,0.0,0.0,0.0,0.0,0.0,0.0,0.0,0.0
TW,36,Aluminium ores and concentrates,C_ALUO,26.0103873936,27232.379406,1046.9809231945803,2.04278129036,0.07853713439357068,0.664632007514,0.025552560884869267,1055.9513915920907
TW,37,Precious metal ores and concentrates,C_PREO,106.39520664,141281.682127,1327.895180513557,10.5296732685,0.09896755315423485,2.02079256724,0.01899326700005928,1335.6994877568916
TW,38,"Lead, zinc and tin ores and concentrates",C_LZTO,196.538913415,2316816162.22,11788078.61488451,144915.623842,737.3380737890043,30433.4622195,154.84700556595882,11849758.537425581
TW,39,Other non-ferrous metal ores and concentrates,C_ONFO,20.2834011624,1075.93198018,53.04494899871576,0.312901259998,0.0154264690370585,0.00143550135208,7.077222111748376e-05,53.495644770349536
TW,40,Stone,C_STON,0.0,0.0,0.0,0.0,0.0,0.0,0.0,0.0
TW,41,Sand and clay,C_SDCL,2419.15803025,128257571.664,53017.442457343575,1508.33449966,0.6234956463361453,955.166435987,0.39483424565210873,53139.531410538795
TW,42,"Chemical and fertilizer minerals, salt and other mining and quarrying products n.e.c.",C_CHMF,525.068860725,319601420.406,608684.7732023253,17287.4327157,32.92412483160782,4431.73387361,8.440290798221758,611843.3257591391
TW,43,Products of meat cattle,C_PCAT,835.765230431,322328520.957,385668.7371294171,25375.1434617,30.361568701074304,6765.13914018,8.09454484806846,388663.9154377853
TW,44,Products of meat pigs,C_PPIG,3937.1244938,399746417.316,101532.58245846734,22982.1503738,5.837293285998758,5842.43399467,1.4839342783979508,102089.26925425076
TW,45,Products of meat poultry,C_PPLT,412.142713648,15506846.78,37624.94462838904,1163.98368251,2.824224823016348,227.898654606,0.5529605329881973,37850.557464675374
TW,46,Meat products nec,C_POME,1119.21808316,245722486.073,219548.3523454403,5297.87883717,4.733553645069753,1416.41480549,1.265539600192033,220016.25984155317
TW,47,products of Vegetable oils and fats,C_VOIL,1453.97286277,1408115.9654,968.4609675020779,278.340452601,0.19143442063335808,10.2750831271,0.007066901584067177,975.6938601995897
TW,48,Dairy products,C_DAIR,1659.88057334,6439519.80981,3879.5079075191798,712.349790177,0.4291572548159985,182.789723904,0.11012221411579738,3920.7066973947144
TW,49,Processed rice,C_RICE,1017.77561373,24196621.872,23774.024004488467,537.656597539,0.5282663391477485,205.167789093,0.20158450087155244,23842.235354715565
TW,50,Sugar,C_SUGR,2777.14606349,5799785.47487,2088.397708394744,428.252728174,0.15420605124233938,166.773609101,0.060052156166182334,2108.6292992135677
TW,51,Food products nec,C_OFOD,14606.9281805,34386107.8984,2354.0957738331917,6790.75276205,0.464899442109638,2802.36648357,0.1918518698073091,2417.9537037111986
TW,52,Beverages,C_BEVR,4844.38888001,160429146.052,33116.487966933986,5967.5603874,1.2318499887621905,2347.35090348,0.48455046892832315,33279.38564088533
TW,53,Fish products,C_FSHP,676.843262502,137527400.483,203189.43557865973,6024.0315197,8.900186872558548,2374.10602343,3.5076156548473945,204368.15895962593
TW,54,Tobacco products (16),C_TOBC,2033.14289288,725687114.383,356928.73182909697,9006.30849187,4.429746931910097,5391.7321863,2.6519199438375285,357755.5235283074
TW,55,Textiles (17),C_TEXT,29580.8752217,1177032044.01,39790.304890862404,33881.4173522,1.1453825182070745,12413.5757868,0.41964869848386444,39933.582506470426
TW,56,Wearing apparel; furs (18),C_GARM,5306.00777471,114361506.157,21553.211192429968,7006.78830111,1.3205386419722982,1228.46423379,0.23152326305385815,21651.539939114464
TW,57,Leather and leather products (19),C_LETH,3556.23367277,59368536.9379,16694.217084913045,934.954489994,0.26290580879229764,536.848994459,0.15095998853214862,16741.58284452025
TW,58,Wood and products of wood and cork (except furniture); articles of straw and plaiting materials (20),C_WOOD,2789.60038533,56551659.5084,20272.315635527895,1456.24169658,0.5220251991066928,629.096975796,0.22551508778974452,20346.693839367163
TW,59,"Wood material for treatment, Re-processing of secondary wood material into new wood material",C_WOOW,0.0,0.0,0.0,0.0,0.0,0.0,0.0,0.0
TW,60,Pulp,C_PULP,53.6609290969,616861110.185,11495535.402882842,16223.2442422,302.3287989088735,26916.3473661,501.600472058449,11636924.73434778
TW,61,"Secondary paper for treatment, Re-processing of secondary paper into new pulp",C_PAPR,0.0,0.0,0.0,0.0,0.0,0.0,0.0,0.0
TW,62,Paper and paper products,C_PAPE,10964.5909387,1377600210.85,125640.82130849955,24045.8537523,2.1930461324762347,40962.4803953,3.7358876974353095,126692.23684002925
TW,63,Printed matter and recorded media (22),C_MDIA,13101.7534322,189459650.087,14460.633156274154,9868.15115713,0.7531931667159283,2328.09174132,0.17769314262915992,14528.811247738928
TW,64,Coke Oven Coke,C_COKE,2220.80186357,5390201208.8,2427141.879345825,303328.831642,136.585274273136,3939.12274469,1.7737389405634558,2431436.3078447217
TW,65,Gas Coke,C_GCOK,0.0,0.0,0.0,0.0,0.0,0.0,0.0,0.0
TW,66,Coal Tar,C_COTA,0.0,0.0,0.0,0.0,0.0,0.0,0.0,0.0
TW,67,Motor Gasoline,C_MGSL,12286.7028227,2189522640.68,178202.62053012307,288421.94974,23.474316413605532,10656.9840479,0.8673591444086161,179089.75156297232
TW,68,Aviation Gasoline,C_AGSL,0.0,0.0,0.0,0.0,0.0,0.0,0.0,0.0
TW,69,Gasoline Type Jet Fuel,C_GJET,0.0,0.0,0.0,0.0,0.0,0.0,0.0,0.0
TW,70,Kerosene Type Jet Fuel,C_KJET,2468.9667674,439976348.105,178202.62059190322,57957.3071325,23.474316421655693,2141.48090368,0.8673591447061614,179089.75162505673
TW,71,Kerosene,C_KERO,0.0,0.0,0.0,0.0,0.0,0.0,0.0,0.0
TW,72,Gas/Diesel Oil,C_DOIL,8739.83770011,1557461981.31,178202.6205464202,205161.715594,23.474316415671865,7580.57815051,0.8673591444855538,179089.75157934768
TW,73,Heavy Fuel Oil,C_FOIL,5641.68299612,1005362694.5,178202.6205994605,132434.651807,23.474316422613665,4893.36533842,0.8673591447419774,179089.7516326503
TW,74,Refinery Gas,C_RGAS,75.0108335535,13367127.4777,178202.6254669755,1760.82809006,23.4743170638695,65.0613342146,0.8673591684352671,179089.75652439918
TW,75,Liquefied Petroleum Gases (LPG),C_LPGA,1484.5734841,264554885.552,178202.6207428744,34849.3477465,23.474316441551483,1287.65838851,0.8673591454387474,179089.7517767791
TW,76,Refinery Feedstocks,C_REFF,605.835882464,107961541.883,178202.62055774702,14221.5832018,23.474316417111652,525.477292744,0.8673591445373409,179089.75159072856
TW,77,Ethane,C_ETHA,0.0,0.0,0.0,0.0,0.0,0.0,0.0,0.0
TW,78,Naphtha,C_NAPT,12486.7488774,2225171370.83,178202.62044809593,293117.893989,23.47431640268826,10830.4958177,0.8673591440044348,179089.75148053237
TW,79,White Spirit & SBP,C_WHSP,648.46964087,115558989.634,178202.62098772076,15222.3815734,23.47431647374786,562.45607432,0.8673591466292816,179089.75202284247
TW,80,Lubricants,C_LUBR,195.165963192,34779086.288,178202.62160049446,4581.38760064,23.47431655453636,169.278983868,0.8673591496149718,179089.75263866942
TW,81,Bitumen,C_BITU,253.910042422,45247435.1341,178202.6213004151,5960.36470216,23.47431651503503,220.231198103,0.8673591481544256,179089.75233709702
TW,82,Paraffin Waxes,C_PARW,0.0,0.0,0.0,0.0,0.0,0.0,0.0,0.0
TW,83,Petroleum Coke,C_PETC,18.0991491233,3225316.01241,178202.63209268101,424.865180902,23.47431793658457,15.6984635166,0.8673592006814581,179089.76318308598
TW,84,Non-specified Petroleum Products,C_NSPP,227.025453708,40456531.0293,178202.62163790307,5329.26736739,23.47431655943082,196.91260451,0.867359149795022,179089.7526762628
TW,85,Nuclear fuel,C_NUCF,1.49519690267,262881.432365,175817.26653898755,16.6152314112,11.112403578103915,7.21429025332,4.8249767240938715,177407.03267105934
TW,86,"Plastics, basic",C_PLAS,32532.2957094,12962205863.1,398441.1668603717,127641.549368,3.9235334176284025,220843.731647,6.788445968268652,400349.9639776565
TW,87,"Secondary plastic for treatment, Re-processing of secondary plastic into new plastic",C_PLAW,0.0,0.0,0.0,0.0,0.0,0.0,0.0,0.0
TW,88,N-fertiliser,C_NFER,4.34585016969,564399.137782,129870.82291018328,59.0109528494,13.578690140072037,6.17782491295,1.4215457670485403,130627.73586237317
TW,89,P- and other fertiliser,C_PFER,837.640567841,278327913.518,332276.06709090516,4083.18735406,4.874629418420271,2949.59417278,3.5213124650618504,333345.7045178623
TW,90,Chemicals nec,C_CHEM,80118.7817328,11463971285.3,143087.18926272364,263541.194332,3.2893809495371835,129249.603562,1.6132247740992078,143606.796494447
TW,91,Charcoal,C_CHAR,0.0,0.0,0.0,0.0,0.0,0.0,0.0,0.0
TW,92,Additives/Blending Components,C_ADDC,0.0,0.0,0.0,0.0,0.0,0.0,0.0,0.0
TW,93,Biogasoline,C_BIOG,49.7038101491,7111978.50244,143087.1895153651,163.494766513,3.2893809553543942,80.1834180412,1.6132247769470425,143606.796748006
TW,94,Biodiesels,C_BIOD,0.0,0.0,0.0,0.0,0.0,0.0,0.0,0.0
TW,95,Other Liquid Biofuels,C_OBIO,120.818058813,17287516.4871,143087.1895885805,397.416621925,3.28938095703155,194.90668608,1.6132247777765825,143606.79682148818
TW,96,Rubber and plastic products (25),C_RUBP,27989.9330047,259063812.428,9255.606734910678,1569.99528969,0.056091427208002614,2720.80418182,0.0972065271239888,9282.937024560359
TW,97,Glass and glass products,C_GLAS,2928.00621504,496405786.48,169537.1355190988,34872.1768645,11.909871189950191,3645.11168928,1.2449125519462751,170200.5137386832
TW,98,"Secondary glass for treatment, Re-processing of secondary glass into new glass",C_GLAW,0.0,0.0,0.0,0.0,0.0,0.0,0.0,0.0
TW,99,Ceramic goods,C_CRMC,586.148033828,2150716648.25,3669238.015189024,7671.42592737,13.087864301565007,36618.5621391,62.47323206042758,3686159.8818854815
TW,100,"Bricks, tiles and construction products, in baked clay",C_BRIK,43.4315900841,392899956.949,9046409.679871194,2247.7608633,51.75405411009553,6473.99801133,149.06196155364998,9087360.213197995
TW,101,"Cement, lime and plaster",C_CMNT,1859.02674983,1876602949.6,1009454.5168710494,26926.5702959,14.484229610123856,28345.4365427,15.247460288181474,1013900.652276501
TW,102,"Ash for treatment, Re-processing of ash into clinker",C_ASHW,0.0,0.0,0.0,0.0,0.0,0.0,0.0,0.0
TW,103,Other non-metallic mineral products,C_ONMM,11000.2189003,3449996808.01,313629.83221324,128621.738969,11.692652676711024,46306.1030883,4.209561964902092,315072.76040888694
TW,104,Basic iron and steel and of ferro-alloys and first products thereof,C_STEL,71744.7571404,4658657918.32,64933.775010253325,563907.099847,7.859906734975338,41403.5726313,0.5770954461560974,65306.782692064
TW,105,"Secondary steel for treatment, Re-processing of secondary steel into new steel",C_STEW,0.0,0.0,0.0,0.0,0.0,0.0,0.0,0.0
TW,106,Precious metals,C_PREM,1629.34734269,11500142.6605,7058.128343287217,6075.18183564,3.7285983635693483,53.4557879352,0.03280809839291002,7171.22324354128
TW,107,"Secondary preciuos metals for treatment, Re-processing of secondary preciuos metals into new preciuos metals",C_PREW,0.0,0.0,0.0,0.0,0.0,0.0,0.0,0.0
TW,108,Aluminium and aluminium products,C_ALUM,6095.69118313,209938264.728,34440.43643631589,20832.0773622,3.417508652645228,1833.66348265,0.30081305426441485,34615.84213797003
TW,109,"Secondary aluminium for treatment, Re-processing of secondary aluminium into new aluminium",C_ALUW,0.0,0.0,0.0,0.0,0.0,0.0,0.0,0.0
TW,110,"Lead, zinc and tin and products thereof",C_LZTP,943.648756495,82767009.4829,87709.55179374365,7333.41785919,7.771342683085342,1679.91415671,1.7802324701297916,88398.91099345442
TW,111,"Secondary lead for treatment, Re-processing of secondary lead into new lead",C_LZTW,0.0,0.0,0.0,0.0,0.0,0.0,0.0,0.0
TW,112,Copper products,C_COPP,2524.44384113,42577230.6303,16865.984474125376,7503.74649801,2.9724355027248888,249.008124144,0.09863880514471582,16975.351951565026
TW,113,"Secondary copper for treatment, Re-processing of secondary copper into new copper",C_COPW,0.0,0.0,0.0,0.0,0.0,0.0,0.0,0.0
TW,114,Other non-ferrous metal products,C_ONFM,2419.88379983,27806007.2247,11490.637371370232,6423.14056364,2.65431776686601,117.159542971,0.0484153590264254,11577.788338984483
TW,115,"Secondary other non-ferrous metals for treatment, Re-processing of secondary other non-ferrous metals into new other non-ferrous metals",C_ONFW,0.0,0.0,0.0,0.0,0.0,0.0,0.0,0.0
TW,116,Foundry work services,C_METC,2639.28755389,1403527328.38,531782.6495682009,120903.947024,45.809312003840496,13810.3681908,5.2326121761325854,534451.9525309836
TW,117,"Fabricated metal products, except machinery and equipment (28)",C_FABM,38481.4115169,374974955.204,9744.313953746761,21718.1599895,0.5643805446159886,4733.55685708,0.1230089196442586,9792.713972701738
TW,118,Machinery and equipment n.e.c. (29),C_MACH,53333.8056238,555465279.953,10414.88177069303,42530.8458552,0.7974462980421705,6423.27532017,0.12043534574445666,10469.125633660491
TW,119,Office machinery and computers (30),C_OFMA,12852.2463517,43723780.0095,3402.0340735000414,7245.97795075,0.5637907765276812,312.816040595,0.024339405893322532,3424.270157804547
TW,120,Electrical machinery and apparatus n.e.c. (31),C_ELMA,35577.5782904,514809435.894,14470.052786951845,32656.1954376,0.9178869672085498,7650.62678164,0.2150406843094318,14552.739403375683
TW,121,"Radio, television and communication equipment and apparatus (32)",C_RATV,132655.556198,4585317406.57,34565.58879242127,126951.356978,0.9569999223290279,105032.556604,0.7917689964469316,34802.20357430492
TW,122,"Medical, precision and optical instruments, watches and clocks (33)",C_MEIN,45955.4623437,1094998996.49,23827.395931750703,17490.4509893,0.38059569194384907,25420.3617862,0.553152127946872,23984.637925031053
TW,123,"Motor vehicles, trailers and semi-trailers (34)",C_MOTO,25361.3104074,2886387415.39,113810.65761285745,414014.064577,16.32463220260881,30406.4306142,1.1989297921028528,114585.46370943775
TW,124,Other transport equipment (35),C_OTRE,14756.3725355,1090219672.18,73881.27871922552,290025.283824,19.654239761586016,2681.1818485,0.18169654107401886,74479.74701593454
TW,125,Furniture; other manufactured goods n.e.c. (36),C_FURN,17429.2332049,126482259.508,7256.903274002965,4514.15556449,0.25899909143569805,2330.31767006,0.13370167480488251,7299.586192386459
TW,126,Secondary raw materials,C_RYMS,6829.32966007,3456845341.4,506176.37652076205,57317.0934871,8.392784700704066,79991.0561889,11.71287083366248,509515.2852633023
TW,127,"Bottles for treatment, Recycling of bottles by direct reuse",C_BOTW,0.0,0.0,0.0,0.0,0.0,0.0,0.0,0.0
TW,128,Electricity by coal,C_POWC,5470.19492962,69252172058.4,12659909.37240892,251238.103253,45.92854669448733,1134199.46814,207.34169124367747,12716140.919895941
TW,129,Electricity by gas,C_POWG,4058.60164897,35184658069.8,8669157.78214628,6672226.63352,1643.971793884549,70190.2931106,17.294206029905162,8719771.956972973
TW,130,Electricity by nuclear,C_POWN,2058.50230106,39203590.7205,19044.715519779893,3830.36680605,1.8607542017697045,912.330875149,0.4432012899277337,19214.264979260293
TW,131,Electricity by hydro,C_POWH,218.360339223,33430707.4095,153098.80690082168,2378.14992327,10.890942612253957,944.233245552,4.324197557632954,154549.66564673753
TW,132,Electricity by wind,C_POWW,23.8660463075,37768.5778744,1582.5234472343695,0.968397186832,0.04057635581339157,0.420136155475,0.017603927775124217,1588.3246260575525
TW,133,Electricity by petroleum and other oil derivatives,C_POWP,990.519044218,6046312126.9,6104185.641047894,82398.4297099,83.18712314607977,52639.3592474,53.143207649236054,6120597.830523032
TW,134,Electricity by biomass and waste,C_POWB,169.410193177,62153593.4272,366882.25343242387,3732.68947969,22.03344090275655,42.5357468536,0.2510813904164468,367565.7263461614
TW,135,Electricity by solar photovoltaic,C_POWS,0.147139307101,8876.41661191,60326.616910170786,0.365529783134,2.484242928255,0.273977193344,1.8620258498018845,60889.61256235942
TW,136,Electricity by solar thermal,C_POWE,0.0,0.0,0.0,0.0,0.0,0.0,0.0,0.0
TW,137,"Electricity by tide, wave, ocean",C_POWO,0.0,0.0,0.0,0.0,0.0,0.0,0.0,0.0
TW,138,Electricity by Geothermal,C_POWM,0.0,0.0,0.0,0.0,0.0,0.0,0.0,0.0
TW,139,Electricity nec,C_POWZ,146.85560932,6697.89141254,45.60868627050683,0.097807607128,0.0006660120616494542,0.104135737168,0.0007091028912697986,45.81524687441951
TW,140,Transmission services of electricity,C_POWT,2182.16374218,6700816.65546,3070.7212872879227,259.334936802,0.11884302345841481,233.709460407,0.10709987334567399,3102.430358381362
TW,141,Distribution and trade services of electricity,C_POWD,6060.09731117,426297.453198,70.34498479294162,7.1418389001,0.0011785023463131738,8.69880837743,0.0014354238770054593,70.75837018604484
TW,142,Coke oven gas,C_COOG,60.2403804396,608177326.134,10095841.389046153,29338.6203164,487.0258139524261,311.325550878,5.168054195642912,10110847.646198666
TW,143,Blast Furnace Gas,C_MBFG,239.952330202,2422520635.95,10095841.261098152,116862.977445,487.0258077786566,1240.08663113,5.168054130110147,10110847.518060435
TW,144,Oxygen Steel Furnace Gas,C_MOSG,0.524138899843,5291633.63513,10095861.300725916,255.269677778,487.02677449520195,2.70878358286,5.1680643884119,10110867.587474711
TW,145,Gas Works Gas,C_MGWG,0.0,0.0,0.0,0.0,0.0,0.0,0.0,0.0
TW,146,Biogas,C_MBIO,0.0,0.0,0.0,0.0,0.0,0.0,0.0,0.0
TW,147,Distribution services of gaseous fuels through mains,C_GASD,1174.00684193,11852586639.3,10095841.196133938,571771.626851,487.02580464611276,6067.33086921,5.168054096887251,10110847.452999704
TW,148,Steam and hot water supply services,C_HWAT,0.0,0.0,0.0,0.0,0.0,0.0,0.0,0.0
TW,149,"Collected and purified water, distribution services of water (41)",C_WATR,1546.56562859,33387577.8774,21588.206319986155,1702.19452922,1.1006287077334613,231.260033997,0.1495313420406473,21658.649729443463
TW,150,Construction work (45),C_CONS,54954.3014312,277614535.809,5051.734415304311,7840.08193724,0.14266548264753007,2330.24492569,0.0424033217601237,5066.965929084876
TW,151,"Secondary construction material for treatment, Re-processing of secondary construction material into aggregates",C_CONW,0.0,0.0,0.0,0.0,0.0,0.0,0.0,0.0
TW,152,"Sale, maintenance, repair of motor vehicles, motor vehicles parts, motorcycles, motor cycles parts and accessoiries",C_TDMO,20485.7032262,134286095.611,6555.112808588189,87496.7309617,4.271111906463473,560.338990225,0.027352685140354844,6681.952403531361
TW,153,Retail trade services of motor fuel,C_TDFU,64.5390514657,3703621.25612,57385.740447213284,351.254479638,5.442510722747113,86.8901876555,1.346319564390852,57894.90543201378
TW,154,"Wholesale trade and commission trade services, except of motor vehicles and motorcycles (51)",C_TDWH,68186.8310261,415520915.537,6093.858730257611,288134.096158,4.225656066164893,1027.58481266,0.015070135936756898,6216.170686133469
TW,155,"Retail  trade services, except of motor vehicles and motorcycles; repair services of personal and household goods (52)",C_TDRT,982.00700653,6319659.94127,6435.453005168489,1203.80203162,1.2258589028541969,52.3436011956,0.05330267589491065,6483.902263560558
TW,156,Hotel and restaurant services (55),C_HORE,25718.4305717,131368550.877,5107.953633125464,86057.8034033,3.346152991854648,485.552272489,0.018879545201459187,5206.648996375781
TW,157,Railway transportation services,C_TRAI,1647.70819171,159326190.235,96695.63520810714,5831.71412027,3.539288175910455,4319.17494697,2.6213227370603396,97489.38580235362
TW,158,Other land transportation services,C_TLND,13846.1220152,112952628.487,8157.708588946625,4808.28020175,0.34726547956688264,1209.79776226,0.08737448369528361,8190.586260553749
TW,159,Transportation services via pipelines,C_TPIP,57.618516975,39512402.7116,685758.759267337,909.609478048,15.786756164561975,558.027858505,9.68487020842834,688767.2790451782
TW,160,Sea and coastal water transportation services,C_TWAS,1589.73844794,30587995979.3,19240898.412525814,938857.375365,590.5734849538183,163667.744549,102.95262391186576,19284716.915441163
TW,161,Inland water transportation services,C_TWAI,99.9996380902,1226110943.35,12261153.807817223,40164.4730238,401.6461838349006,20755.0645795,207.55139694384556,12327401.021154718
TW,162,Air transport services (62),C_TAIR,9642.76390486,27098925071.5,2810286.0693127634,80118.5941136,8.3086752827392,1303574.90969,135.1868533287424,2846343.2283527968
TW,163,Supporting and auxiliary transport services; travel agency services (63),C_TAUX,11544.3702298,1684450019.88,145910.9493501736,115749.222153,10.026464835146342,30332.0153936,2.6274291962070486,146887.95910255256
TW,164,Post and telecommunication services (64),C_PTEL,23094.4371784,159682687.555,6914.335531170669,90645.8158478,3.92500649171828,675.086298604,0.029231554481674124,7031.982074876425
TW,165,"Financial intermediation services, except insurance and pension funding services (65)",C_FINT,28361.5167756,906531599.017,31963.438563233256,118599.775303,4.181714830041595,12793.4266865,0.45108400893094863,32200.063840841125
TW,166,"Insurance and pension funding services, except compulsory social security services (66)",C_FINS,11795.5729644,735733244.2,62373.675820623794,59396.1203104,5.035458683496116,8979.60956796,0.7612694690678607,62716.40507306467
TW,167,Services auxiliary to financial intermediation (67),C_FAUX,8263.47634679,247803396.904,29987.790429177043,43164.5547896,5.2235346212817015,2680.09051909,0.3243296654598761,30219.996759919795
TW,168,Real estate services (70),C_REAL,54598.8253642,1333704759.68,24427.35261763524,194809.460299,3.5680155937335414,21143.9852075,0.38726080765400384,24629.88116828809
TW,169,Renting services of machinery and equipment without operator and of personal and household goods (71),C_MARE,3517.69389182,351263900.535,99856.30112723127,18917.8888092,5.377923546216292,3233.65959128,0.9192555380670019,100250.48570411309
TW,170,Computer and related services (72),C_COMP,9706.23941917,112848673.232,11626.40528000183,39555.7213269,4.075288030581311,493.880631972,0.05088279926379899,11753.997286663014
TW,171,Research and development services (73),C_RESD,15037.6021616,1114708730.42,74128.09026604779,81994.7886656,5.452650481403331,8465.96940166,0.5629866590884209,74429.95594418551
TW,172,Other business services (74),C_OBUS,25794.2547948,316345492.913,12264.184231318586,107478.704678,4.166769132623564,2092.32352413,0.08111587408804702,12402.349473665377
TW,173,Public administration and defence services; compulsory social security services (75),C_PADF,75978.6640301,1834754734.77,24148.288972850805,365941.720982,4.816374776437595,24776.0174811,0.3260917758607158,24369.561787194147
TW,174,Education services (80),C_EDUC,27289.8435408,186221932.602,6823.854901314722,132336.069438,4.849279155453911,1409.25638663,0.05164032488948039,6973.319403763144
TW,175,Health and social work services (85),C_HEAL,19015.986445,709363009.287,37303.508358017236,126704.495432,6.663051417209822,5227.32510695,0.27489108293535075,37562.919934676975
TW,176,Food waste for treatment: incineration,C_INCF,91.6781011494,5760228.95124,62831.023756186274,223903.077257,2442.274375776219,96121.6443304,1048.4689705097483,409058.9834630037
TW,177,Paper waste for treatment: incineration,C_INCP,94.656084486,5469773.79683,57785.7601709587,229890.559672,2428.692893017371,98690.9596232,1042.6266854276735,402085.23281377857
TW,178,Plastic waste for treatment: incineration,C_INCL,39.3454329698,931667988.672,23679190.146086626,105881.265985,2691.0687719784473,45434.0294105,1154.747221751845,24060548.085466262
TW,179,Intert/metal waste for treatment: incineration,C_INCM,140.882638015,2856469016.12,20275521.926384337,324333.091769,2302.150899065843,139275.329405,988.5911519499737,20601958.806824923
TW,180,Textiles waste for treatment: incineration,C_INCT,16.916865947,455409894.594,26920464.82018505,51760.5131665,3059.6987248503374,22210.4798227,1312.919301499741,27354059.99937829
TW,181,Wood waste for treatment: incineration,C_INCW,27.2340926212,1068685.76032,39240.733120225064,73371.4170739,2694.101767752124,31481.1368912,1155.9458700927655,421001.2381918674
TW,182,Oil/hazardous waste for treatment: incineration,C_INCO,65.4594375794,3201148.32853,48902.777764430364,445.606960508,6.807375330218723,24.3836790899,0.3725005895494206,49192.09692990708
TW,183,Food waste for treatment: biogasification and land application,C_BIOF,23.7586127722,446292.14791,18784.436287972476,175.104647857,7.370154542940752,2.62305595398,0.11040442382432542,19020.057787488262
TW,184,Paper waste for treatment: biogasification and land application,C_BIOP,2.46736338709,38397.7391734,15562.255391446884,36.3799448801,14.744461667240019,0.0630788388587,0.02556528121830282,15981.875117652457
TW,185,Sewage sludge for treatment: biogasification and land application,C_BIOS,57.8700681018,647712.541117,11192.531171340603,370.946549411,6.409989854486831,2.70229083904,0.046695829600310206,11384.385282110316
TW,186,Food waste for treatment: composting and land application,C_COMF,116.82066658,10963110.2826,93845.6405322114,758.491298695,6.492783519391899,95.9432275961,0.8212864247816725,94245.07937332153
TW,187,Paper and wood waste for treatment: composting and land application,C_COMW,4.60009991848,79629.2888937,17310.338971943835,49.2343464782,10.702886317840765,0.329347110402,0.07159564275526115,17628.99263417352
TW,188,Food waste for treatment: waste water treatment,C_WASF,149.677323724,17993357.4552,120214.31842527566,1030.62230025,6.885627525986724,156.744733758,1.0472176403089093,120684.62867068515
TW,189,Other waste for treatment: waste water treatment,C_WASO,235.56258843,25528812.2702,108373.79755565966,1561.06158975,6.626950400546674,229.237236672,0.9731478933044597,108817.23635860065
TW,190,Food waste for treatment: landfill,C_LANF,229.822494446,25346708.1739,110288.19539618897,1526.63414657,6.642666333641697,235.879697424,1.0263560057191148,110746.1743950465
TW,191,Paper for treatment: landfill,C_LANP,152.037979775,11795336.11,77581.51040585937,955.047967543,6.281640738428446,103.326196066,0.6796077941769008,77937.49241199225
TW,192,Plastic waste for treatment: landfill,C_LANL,32.882913225,2952799.30225,89797.37537381772,270.87083734,8.237434301717041,26.0272495036,0.7915128846860252,90237.7744487076
TW,193,Inert/metal/hazardous waste for treatment: landfill,C_LANI,185.906006355,12257550.4596,65934.12821850083,1064.37895494,5.725360765953399,105.937810708,0.5698460893496073,66245.44753362518
TW,194,Textiles waste for treatment: landfill,C_LANT,27.1021473307,1286962.97539,47485.64605182375,200.265054237,7.389268894208594,10.8570629564,0.4005978870944165,47798.70402094161
TW,195,Wood waste for treatment: landfill,C_LANW,34.3095157855,1718367.11063,50084.271703893355,249.549030164,7.273464065309405,14.7975276564,0.43129514706394606,50402.22191169397
TW,196,Membership organisation services n.e.c. (91),C_ORGA,2662.47651116,56562885.4561,21244.46364841597,12611.6311229,4.736804651623126,702.167137111,0.2637270729592565,21446.981852995625
TW,197,"Recreational, cultural and sporting services (92)",C_RECR,8199.47821981,53101553.2238,6476.211266164018,34854.4302928,4.2508107660547765,256.415446949,0.03127216635925666,6603.521091698754
TW,198,Other services (93),C_OSER,10856.3028193,60329752.6388,5557.1177078395085,39757.2116476,3.6621317873448462,257.052360987,0.02367770734342637,5665.931990331172
TW,199,Private households with employed persons (95),C_PRHH,5158.7247554,57585564.6643,11162.751919264765,32821.7973556,6.362385843757824,296.140773162,0.05740581000217324,11356.11126254056
TW,200,Extra-territorial organizations and bodies,C_EXTO,0.0,0.0,0.0,0.0,0.0,0.0,0.0,0.0
